design,design_label,workload_operations,pipeline_stages,is_power_of_two,stages_with_work,pass_through_stages,min_operations_per_stage,max_operations_per_stage,pipeline_region,latency_cycles,throughput_items_per_cycle,target_mhz,target_period_ns,platform,synthesis_frontend,synthesis_hierarchical,abc_area,orfs_image,cell_count,area_um2,sequential_area_um2,combinational_area_um2,sequential_area_percent,setup_wns_ns,setup_tns_ns,setup_worst_startpoint,setup_worst_endpoint,setup_worst_path,target_met,minimum_period_ns,fmax_mhz,hold_slack_ns,sequential_power_internal_w,sequential_power_switching_w,sequential_power_leakage_w,sequential_power_total_w,combinational_power_internal_w,combinational_power_switching_w,combinational_power_leakage_w,combinational_power_total_w,clock_power_internal_w,clock_power_switching_w,clock_power_leakage_w,clock_power_total_w,power_internal_w,power_switching_w,power_leakage_w,power_total_w,vectorless_energy_per_item_pj_at_target,power_estimation,clock_tree_power_included,synthesis_problems,status,area_period_pareto,area_power_pareto,minimum_area_meeting_target,minimum_period_point,minimum_vectorless_power_point
arx,ARX pipeline,64,1,yes,1,0,64,64,multi_operation,1,1,1000,1.0,asap7,slang,0,0,openroad/orfs@sha256:c1b25c7d0d74a5c3118843451a2803836ac776140bf29e87fb05a1f84d73aa02,19551,2260.76022,38.08296,2222.67726,1.68,-29.35738,-1855.85862,pipeline_state[0][2]$_DFFE_PP_,pipeline_state[0][95]$_DFFE_PP_,pipeline_state[0][2]$_DFFE_PP_ -> pipeline_state[0][95]$_DFFE_PP_,no,30.357380000000003,32.94,-0.10997,0.0013,2.52e-05,1.97e-08,0.00132,1.05,0.756,1.73e-06,1.81,0.0,0.0,0.0,0.0,1.05,0.756,1.75e-06,1.81,1810.0,vectorless_post_synthesis,no,0,success,no,no,no,no,no
arx,ARX pipeline,64,2,yes,2,0,32,32,multi_operation,2,1,1000,1.0,asap7,slang,0,0,openroad/orfs@sha256:c1b25c7d0d74a5c3118843451a2803836ac776140bf29e87fb05a1f84d73aa02,24082,2665.45728,57.12444,2608.33284,2.14,-12.40349,-1549.73675,pipeline_state[0][4]$_DFFE_PP_,pipeline_state[0][95]$_DFFE_PP_,pipeline_state[0][4]$_DFFE_PP_ -> pipeline_state[0][95]$_DFFE_PP_,no,13.40349,74.61,-0.10997,0.00251,6.07e-05,2.93e-08,0.00257,1.0,0.82,1.98e-06,1.82,0.0,0.0,0.0,0.0,1.0,0.82,2.01e-06,1.82,1820.0,vectorless_post_synthesis,no,0,success,no,no,no,no,no
arx,ARX pipeline,64,3,no,3,0,21,22,multi_operation,3,1,1000,1.0,asap7,slang,0,0,openroad/orfs@sha256:c1b25c7d0d74a5c3118843451a2803836ac776140bf29e87fb05a1f84d73aa02,17406,1974.3507,76.16592,1898.18478,3.86,-7.91043,-1411.02562,pipeline_state[0][7]$_DFFE_PP_,pipeline_state[1][31]$_DFFE_PP_,pipeline_state[0][7]$_DFFE_PP_ -> pipeline_state[1][31]$_DFFE_PP_,no,8.91043,112.23,-0.10997,0.00368,8.8e-05,3.88e-08,0.00377,0.87,0.63,1.46e-06,1.5,0.0,0.0,0.0,0.0,0.874,0.63,1.5e-06,1.5,1500.0,vectorless_post_synthesis,no,0,success,no,no,no,no,no
arx,ARX pipeline,64,4,yes,4,0,16,16,multi_operation,4,1,1000,1.0,asap7,slang,0,0,openroad/orfs@sha256:c1b25c7d0d74a5c3118843451a2803836ac776140bf29e87fb05a1f84d73aa02,18575,2108.60334,95.2074,2013.39594,4.52,-4.95218,-1189.86738,pipeline_state[0][203]$_DFFE_PP_,pipeline_state[0][286]$_DFFE_PP_,pipeline_state[0][203]$_DFFE_PP_ -> pipeline_state[0][286]$_DFFE_PP_,no,5.95218,168.01,-0.10997,0.00493,0.00012,4.84e-08,0.00505,0.839,0.619,1.54e-06,1.46,0.0,0.0,0.0,0.0,0.844,0.619,1.59e-06,1.46,1460.0,vectorless_post_synthesis,no,0,success,no,no,no,no,no
arx,ARX pipeline,64,5,no,5,0,12,13,multi_operation,5,1,1000,1.0,asap7,slang,0,0,openroad/orfs@sha256:c1b25c7d0d74a5c3118843451a2803836ac776140bf29e87fb05a1f84d73aa02,16077,1858.30848,114.24888,1744.0596,6.15,-3.88144,-1138.12225,pipeline_state[1][12]$_DFFE_PP_,pipeline_state[2][31]$_DFFE_PP_,pipeline_state[1][12]$_DFFE_PP_ -> pipeline_state[2][31]$_DFFE_PP_,no,4.88144,204.86,-0.10997,0.00607,0.000146,5.81e-08,0.00621,0.777,0.526,1.34e-06,1.3,0.0,0.0,0.0,0.0,0.783,0.526,1.4e-06,1.31,1310.0,vectorless_post_synthesis,no,0,success,yes,yes,no,no,no
arx,ARX pipeline,64,6,no,6,0,10,11,multi_operation,6,1,1000,1.0,asap7,slang,0,0,openroad/orfs@sha256:c1b25c7d0d74a5c3118843451a2803836ac776140bf29e87fb05a1f84d73aa02,16855,1945.39482,133.29036,1812.10446,6.85,-2.98212,-1025.77894,pipeline_state[4][11]$_DFFE_PP_,pipeline_state[5][31]$_DFFE_PP_,pipeline_state[4][11]$_DFFE_PP_ -> pipeline_state[5][31]$_DFFE_PP_,no,3.98212,251.12,-0.10997,0.00727,0.000183,6.76e-08,0.00745,0.76,0.51,1.4e-06,1.27,0.0,0.0,0.0,0.0,0.767,0.51,1.46e-06,1.28,1280.0,vectorless_post_synthesis,no,0,success,yes,yes,no,no,no
arx,ARX pipeline,64,7,no,7,0,9,10,multi_operation,7,1,1000,1.0,asap7,slang,0,0,openroad/orfs@sha256:c1b25c7d0d74a5c3118843451a2803836ac776140bf29e87fb05a1f84d73aa02,17026,1963.2699,152.33184,1810.93806,7.76,-2.55075,-936.16062,pipeline_state[1][133]$_DFFE_PP_,pipeline_state[1][222]$_DFFE_PP_,pipeline_state[1][133]$_DFFE_PP_ -> pipeline_state[1][222]$_DFFE_PP_,no,3.55075,281.63,-0.10997,0.00844,0.000213,7.72e-08,0.00865,0.727,0.486,1.39e-06,1.21,0.0,0.0,0.0,0.0,0.735,0.487,1.46e-06,1.22,1220.0,vectorless_post_synthesis,no,0,success,yes,yes,no,no,no
arx,ARX pipeline,64,8,yes,8,0,8,8,multi_operation,8,1,1000,1.0,asap7,slang,0,0,openroad/orfs@sha256:c1b25c7d0d74a5c3118843451a2803836ac776140bf29e87fb05a1f84d73aa02,18477,2108.28258,171.37332,1936.90926,8.13,-1.95127,-833.86075,pipeline_state[1][19]$_DFFE_PP_,pipeline_state[2][30]$_DFFE_PP_,pipeline_state[1][19]$_DFFE_PP_ -> pipeline_state[2][30]$_DFFE_PP_,no,2.95127,338.84,-0.10997,0.00961,0.000245,8.66e-08,0.00985,0.717,0.485,1.48e-06,1.2,0.0,0.0,0.0,0.0,0.727,0.485,1.56e-06,1.21,1210.0,vectorless_post_synthesis,no,0,success,no,no,no,no,no
arx,ARX pipeline,64,9,no,9,0,7,8,multi_operation,9,1,1000,1.0,asap7,slang,0,0,openroad/orfs@sha256:c1b25c7d0d74a5c3118843451a2803836ac776140bf29e87fb05a1f84d73aa02,18230,2093.14854,190.4148,1902.73374,9.1,-1.68376,-717.25012,pipeline_state[8][4]$_DFFE_PP_,pipeline_state[9][30]$_DFFE_PP_,pipeline_state[8][4]$_DFFE_PP_ -> pipeline_state[9][30]$_DFFE_PP_,no,2.6837600000000004,372.61,-0.10997,0.0109,0.000278,9.64e-08,0.0112,0.687,0.447,1.44e-06,1.13,0.0,0.0,0.0,0.0,0.698,0.448,1.54e-06,1.15,1150.0,vectorless_post_synthesis,no,0,success,no,no,no,no,no
arx,ARX pipeline,64,10,no,10,0,6,7,multi_operation,10,1,1000,1.0,asap7,slang,0,0,openroad/orfs@sha256:c1b25c7d0d74a5c3118843451a2803836ac776140bf29e87fb05a1f84d73aa02,17999,2092.34664,209.45628,1882.89036,10.01,-1.39119,-664.50581,pipeline_state[4][4]$_DFFE_PP_,pipeline_state[5][31]$_DFFE_PP_,pipeline_state[4][4]$_DFFE_PP_ -> pipeline_state[5][31]$_DFFE_PP_,no,2.39119,418.2,-0.10997,0.012,0.000309,1.06e-07,0.0123,0.652,0.416,1.43e-06,1.07,0.0,0.0,0.0,0.0,0.664,0.417,1.53e-06,1.08,1080.0,vectorless_post_synthesis,no,0,success,yes,yes,no,no,no
arx,ARX pipeline,64,11,no,11,0,5,6,multi_operation,11,1,1000,1.0,asap7,slang,0,0,openroad/orfs@sha256:c1b25c7d0d74a5c3118843451a2803836ac776140bf29e87fb05a1f84d73aa02,18904,2185.35246,228.49776,1956.8547,10.46,-1.00983,-543.52431,pipeline_state[0][139]$_DFFE_PP_,pipeline_state[0][222]$_DFFE_PP_,pipeline_state[0][139]$_DFFE_PP_ -> pipeline_state[0][222]$_DFFE_PP_,no,2.00983,497.55,-0.10997,0.0132,0.000336,1.15e-07,0.0136,0.637,0.402,1.48e-06,1.04,0.0,0.0,0.0,0.0,0.65,0.402,1.6e-06,1.05,1050.0,vectorless_post_synthesis,no,0,success,yes,yes,no,no,no
arx,ARX pipeline,64,12,no,12,0,5,6,multi_operation,12,1,1000,1.0,asap7,slang,0,0,openroad/orfs@sha256:c1b25c7d0d74a5c3118843451a2803836ac776140bf29e87fb05a1f84d73aa02,19153,2212.16508,247.53924,1964.62584,11.19,-1.00679,-480.65153,pipeline_state[2][7]$_DFFE_PP_,pipeline_state[3][28]$_DFFE_PP_,pipeline_state[2][7]$_DFFE_PP_ -> pipeline_state[3][28]$_DFFE_PP_,no,2.00679,498.31,-0.10997,0.0144,0.000364,1.25e-07,0.0147,0.613,0.384,1.49e-06,0.997,0.0,0.0,0.0,0.0,0.628,0.384,1.61e-06,1.01,1010.0,vectorless_post_synthesis,no,0,success,yes,yes,no,no,no
arx,ARX pipeline,64,13,no,13,0,4,5,multi_operation,13,1,1000,1.0,asap7,slang,0,0,openroad/orfs@sha256:c1b25c7d0d74a5c3118843451a2803836ac776140bf29e87fb05a1f84d73aa02,19553,2267.78778,266.58072,2001.20706,11.76,-0.75096,-451.51466,pipeline_state[7][19]$_DFFE_PP_,pipeline_state[8][30]$_DFFE_PP_,pipeline_state[7][19]$_DFFE_PP_ -> pipeline_state[8][30]$_DFFE_PP_,no,1.75096,571.12,-0.10997,0.0149,0.000394,1.34e-07,0.0153,0.581,0.359,1.51e-06,0.94,0.0,0.0,0.0,0.0,0.596,0.36,1.64e-06,0.955,955.0,vectorless_post_synthesis,no,0,success,yes,yes,no,no,no
arx,ARX pipeline,64,14,no,14,0,4,5,multi_operation,14,1,1000,1.0,asap7,slang,0,0,openroad/orfs@sha256:c1b25c7d0d74a5c3118843451a2803836ac776140bf29e87fb05a1f84d73aa02,19745,2298.1725,285.6222,2012.5503,12.43,-0.75498,-376.45969,pipeline_state[3][20]$_DFFE_PP_,pipeline_state[4][31]$_DFFE_PP_,pipeline_state[3][20]$_DFFE_PP_ -> pipeline_state[4][31]$_DFFE_PP_,no,1.75498,569.81,-0.10997,0.0162,0.00043,1.44e-07,0.0166,0.557,0.338,1.51e-06,0.894,0.0,0.0,0.0,0.0,0.573,0.338,1.66e-06,0.911,911.0,vectorless_post_synthesis,no,0,success,no,no,no,no,no
arx,ARX pipeline,64,15,no,15,0,4,5,multi_operation,15,1,1000,1.0,asap7,slang,0,0,openroad/orfs@sha256:c1b25c7d0d74a5c3118843451a2803836ac776140bf29e87fb05a1f84d73aa02,19417,2276.12754,304.66368,1971.46386,13.39,-0.70981,-341.28175,pipeline_state[7][9]$_DFFE_PP_,pipeline_state[7][92]$_DFFE_PP_,pipeline_state[7][9]$_DFFE_PP_ -> pipeline_state[7][92]$_DFFE_PP_,no,1.70981,584.86,-0.10997,0.0173,0.000454,1.53e-07,0.0178,0.531,0.311,1.49e-06,0.843,0.0,0.0,0.0,0.0,0.549,0.312,1.64e-06,0.861,861.0,vectorless_post_synthesis,no,0,success,yes,yes,no,no,no
arx,ARX pipeline,64,16,yes,16,0,4,4,multi_operation,16,1,1000,1.0,asap7,slang,0,0,openroad/orfs@sha256:c1b25c7d0d74a5c3118843451a2803836ac776140bf29e87fb05a1f84d73aa02,19652,2311.96518,323.70516,1988.26002,14.0,-0.41719,-248.42947,pipeline_state[1][6]$_DFFE_PP_,pipeline_state[2][30]$_DFFE_PP_,pipeline_state[1][6]$_DFFE_PP_ -> pipeline_state[2][30]$_DFFE_PP_,no,1.41719,705.62,-0.10997,0.0186,0.000492,1.63e-07,0.019,0.506,0.291,1.5e-06,0.797,0.0,0.0,0.0,0.0,0.525,0.291,1.66e-06,0.816,816.0,vectorless_post_synthesis,no,0,success,yes,yes,no,no,no
arx,ARX pipeline,64,17,no,17,0,3,4,multi_operation,17,1,1000,1.0,asap7,slang,0,0,openroad/orfs@sha256:c1b25c7d0d74a5c3118843451a2803836ac776140bf29e87fb05a1f84d73aa02,20942,2455.43238,342.74664,2112.68574,13.96,-0.38043,-171.51589,pipeline_state[2][15]$_DFFE_PP_,pipeline_state[3][31]$_DFFE_PP_,pipeline_state[2][15]$_DFFE_PP_ -> pipeline_state[3][31]$_DFFE_PP_,no,1.38043,724.41,-0.10997,0.018,0.00052,1.72e-07,0.0186,0.484,0.281,1.58e-06,0.765,0.0,0.0,0.0,0.0,0.502,0.282,1.75e-06,0.784,784.0,vectorless_post_synthesis,no,0,success,yes,no,no,no,no
arx,ARX pipeline,64,18,no,18,0,3,4,multi_operation,18,1,1000,1.0,asap7,slang,0,0,openroad/orfs@sha256:c1b25c7d0d74a5c3118843451a2803836ac776140bf29e87fb05a1f84d73aa02,20114,2378.59578,361.78812,2016.80766,15.21,-0.41563,-162.7452,pipeline_state[1][4]$_DFFE_PP_,pipeline_state[2][29]$_DFFE_PP_,pipeline_state[1][4]$_DFFE_PP_ -> pipeline_state[2][29]$_DFFE_PP_,no,1.4156300000000002,706.4,-0.10997,0.018,0.000549,1.82e-07,0.0186,0.441,0.249,1.52e-06,0.691,0.0,0.0,0.0,0.0,0.459,0.25,1.7e-06,0.709,709.0,vectorless_post_synthesis,no,0,success,yes,yes,no,no,no
arx,ARX pipeline,64,19,no,19,0,3,4,multi_operation,19,1,1000,1.0,asap7,slang,0,0,openroad/orfs@sha256:c1b25c7d0d74a5c3118843451a2803836ac776140bf29e87fb05a1f84d73aa02,20621,2438.2863,380.8296,2057.4567,15.62,-0.41499,-100.61692,pipeline_state[2][9]$_DFFE_PP_,pipeline_state[2][95]$_DFFE_PP_,pipeline_state[2][9]$_DFFE_PP_ -> pipeline_state[2][95]$_DFFE_PP_,no,1.41499,706.72,-0.10997,0.0178,0.000572,1.91e-07,0.0183,0.403,0.226,1.55e-06,0.63,0.0,0.0,0.0,0.0,0.421,0.227,1.74e-06,0.648,648.0,vectorless_post_synthesis,no,0,success,yes,yes,no,no,no
arx,ARX pipeline,64,20,no,20,0,3,4,multi_operation,20,1,1000,1.0,asap7,slang,0,0,openroad/orfs@sha256:c1b25c7d0d74a5c3118843451a2803836ac776140bf29e87fb05a1f84d73aa02,20846,2475.74232,399.87108,2075.87124,16.15,-0.38498,-70.08429,pipeline_state[0][265]$_DFFE_PP_,pipeline_state[0][351]$_DFFE_PP_,pipeline_state[0][265]$_DFFE_PP_ -> pipeline_state[0][351]$_DFFE_PP_,no,1.38498,722.03,-0.10997,0.0175,0.000602,2.01e-07,0.0181,0.365,0.203,1.56e-06,0.568,0.0,0.0,0.0,0.0,0.382,0.204,1.76e-06,0.586,586.0,vectorless_post_synthesis,no,0,success,no,yes,no,no,no
arx,ARX pipeline,64,21,no,21,0,3,4,multi_operation,21,1,1000,1.0,asap7,slang,0,0,openroad/orfs@sha256:c1b25c7d0d74a5c3118843451a2803836ac776140bf29e87fb05a1f84d73aa02,21255,2528.65314,418.91256,2109.74058,16.57,-0.29594,-19.77838,pipeline_state[20][8]$_DFFE_PP_,pipeline_state[21][28]$_DFFE_PP_,pipeline_state[20][8]$_DFFE_PP_ -> pipeline_state[21][28]$_DFFE_PP_,no,1.29594,771.64,-0.10997,0.0173,0.000639,2.1e-07,0.0179,0.329,0.181,1.59e-06,0.511,0.0,0.0,0.0,0.0,0.347,0.182,1.8e-06,0.529,529.0,vectorless_post_synthesis,no,0,success,yes,yes,no,no,no
arx,ARX pipeline,64,22,no,22,0,2,3,multi_operation,22,1,1000,1.0,asap7,slang,0,0,openroad/orfs@sha256:c1b25c7d0d74a5c3118843451a2803836ac776140bf29e87fb05a1f84d73aa02,22528,2665.31148,437.95404,2227.35744,16.43,-0.06031,-2.09326,pipeline_state[0][324]$_DFFE_PP_,pipeline_state[0][415]$_DFFE_PP_,pipeline_state[0][324]$_DFFE_PP_ -> pipeline_state[0][415]$_DFFE_PP_,no,1.0603099999999999,943.12,-0.10997,0.0169,0.000676,2.2e-07,0.0176,0.314,0.178,1.66e-06,0.493,0.0,0.0,0.0,0.0,0.331,0.179,1.88e-06,0.51,510.0,vectorless_post_synthesis,no,0,success,yes,no,no,no,no
arx,ARX pipeline,64,23,no,23,0,2,3,multi_operation,23,1,1000,1.0,asap7,slang,0,0,openroad/orfs@sha256:c1b25c7d0d74a5c3118843451a2803836ac776140bf29e87fb05a1f84d73aa02,22398,2665.57392,456.99552,2208.5784,17.14,-0.08137,-1.54646,pipeline_state[2][78]$_DFFE_PP_,pipeline_state[2][159]$_DFFE_PP_,pipeline_state[2][78]$_DFFE_PP_ -> pipeline_state[2][159]$_DFFE_PP_,no,1.08137,924.75,-0.10997,0.0163,0.000689,2.3e-07,0.017,0.293,0.163,1.64e-06,0.456,0.0,0.0,0.0,0.0,0.309,0.164,1.87e-06,0.473,473.0,vectorless_post_synthesis,no,0,success,no,no,no,no,no
arx,ARX pipeline,64,24,no,24,0,2,3,multi_operation,24,1,1000,1.0,asap7,slang,0,0,openroad/orfs@sha256:c1b25c7d0d74a5c3118843451a2803836ac776140bf29e87fb05a1f84d73aa02,21855,2620.78416,476.037,2144.74716,18.16,-0.08681,-4.18524,pipeline_state[20][11]$_DFFE_PP_,pipeline_state[21][31]$_DFFE_PP_,pipeline_state[20][11]$_DFFE_PP_ -> pipeline_state[21][31]$_DFFE_PP_,no,1.08681,920.12,-0.10997,0.0158,0.000698,2.39e-07,0.0165,0.272,0.149,1.61e-06,0.421,0.0,0.0,0.0,0.0,0.287,0.15,1.84e-06,0.437,437.0,vectorless_post_synthesis,no,0,success,yes,yes,no,no,no
arx,ARX pipeline,64,25,no,25,0,2,3,multi_operation,25,1,1000,1.0,asap7,slang,0,0,openroad/orfs@sha256:c1b25c7d0d74a5c3118843451a2803836ac776140bf29e87fb05a1f84d73aa02,21825,2630.26116,495.07848,2135.18268,18.82,-0.08314,-3.18572,pipeline_state[1][260]$_DFFE_PP_,pipeline_state[1][351]$_DFFE_PP_,pipeline_state[1][260]$_DFFE_PP_ -> pipeline_state[1][351]$_DFFE_PP_,no,1.08314,923.24,-0.10997,0.0151,0.000712,2.48e-07,0.0158,0.248,0.136,1.6e-06,0.384,0.0,0.0,0.0,0.0,0.263,0.137,1.85e-06,0.4,400.0,vectorless_post_synthesis,no,0,success,yes,yes,no,no,no
arx,ARX pipeline,64,26,no,26,0,2,3,multi_operation,26,1,1000,1.0,asap7,slang,0,0,openroad/orfs@sha256:c1b25c7d0d74a5c3118843451a2803836ac776140bf29e87fb05a1f84d73aa02,22507,2716.4727,514.11996,2202.35274,18.93,-0.10686,-2.13817,pipeline_state[1][333]$_DFFE_PP_,pipeline_state[1][415]$_DFFE_PP_,pipeline_state[1][333]$_DFFE_PP_ -> pipeline_state[1][415]$_DFFE_PP_,no,1.10686,903.46,-0.10997,0.0144,0.000723,2.58e-07,0.0151,0.229,0.127,1.64e-06,0.357,0.0,0.0,0.0,0.0,0.244,0.128,1.9e-06,0.372,372.0,vectorless_post_synthesis,no,0,success,no,yes,no,no,no
arx,ARX pipeline,64,27,no,27,0,2,3,multi_operation,27,1,1000,1.0,asap7,slang,0,0,openroad/orfs@sha256:c1b25c7d0d74a5c3118843451a2803836ac776140bf29e87fb05a1f84d73aa02,22988,2762.41428,533.16144,2229.25284,19.3,-0.09527,-3.10897,pipeline_state[1][330]$_DFFE_PP_,pipeline_state[1][415]$_DFFE_PP_,pipeline_state[1][330]$_DFFE_PP_ -> pipeline_state[1][415]$_DFFE_PP_,no,1.09527,913.02,-0.10997,0.0136,0.000746,2.67e-07,0.0144,0.205,0.114,1.66e-06,0.319,0.0,0.0,0.0,0.0,0.218,0.115,1.93e-06,0.334,334.0,vectorless_post_synthesis,no,0,success,no,yes,no,no,no
arx,ARX pipeline,64,28,no,28,0,2,3,multi_operation,28,1,1000,1.0,asap7,slang,0,0,openroad/orfs@sha256:c1b25c7d0d74a5c3118843451a2803836ac776140bf29e87fb05a1f84d73aa02,22849,2768.07132,552.20292,2215.8684,19.95,-0.05085,-0.8261,pipeline_state[0][659]$_DFFE_PP_,pipeline_state[0][735]$_DFFE_PP_,pipeline_state[0][659]$_DFFE_PP_ -> pipeline_state[0][735]$_DFFE_PP_,no,1.0508499999999998,951.61,-0.10997,0.013,0.000773,2.77e-07,0.0138,0.186,0.103,1.66e-06,0.29,0.0,0.0,0.0,0.0,0.199,0.104,1.93e-06,0.303,303.0,vectorless_post_synthesis,no,0,success,yes,yes,no,no,no
arx,ARX pipeline,64,29,no,29,0,2,3,multi_operation,29,1,1000,1.0,asap7,slang,0,0,openroad/orfs@sha256:c1b25c7d0d74a5c3118843451a2803836ac776140bf29e87fb05a1f84d73aa02,22902,2784.73626,571.2444,2213.49186,20.51,-0.02684,-0.36979,pipeline_state[12][19]$_DFFE_PP_,pipeline_state[12][92]$_DFFE_PP_,pipeline_state[12][19]$_DFFE_PP_ -> pipeline_state[12][92]$_DFFE_PP_,no,1.02684,973.86,-0.10997,0.0124,0.000781,2.86e-07,0.0132,0.165,0.0899,1.66e-06,0.254,0.0,0.0,0.0,0.0,0.177,0.0907,1.94e-06,0.268,268.0,vectorless_post_synthesis,no,0,success,yes,yes,no,no,no
arx,ARX pipeline,64,30,no,30,0,2,3,multi_operation,30,1,1000,1.0,asap7,slang,0,0,openroad/orfs@sha256:c1b25c7d0d74a5c3118843451a2803836ac776140bf29e87fb05a1f84d73aa02,24108,2912.55912,590.28588,2322.27324,20.27,-0.0049,-0.0049,pipeline_state[0][912]$_DFFE_PP_,pipeline_state[0][991]$_DFFE_PP_,pipeline_state[0][912]$_DFFE_PP_ -> pipeline_state[0][991]$_DFFE_PP_,no,1.0049,995.13,-0.10997,0.0116,0.000809,2.96e-07,0.0124,0.143,0.0814,1.72e-06,0.225,0.0,0.0,0.0,0.0,0.155,0.0823,2.02e-06,0.237,237.0,vectorless_post_synthesis,no,0,success,no,no,no,no,no
arx,ARX pipeline,64,31,no,31,0,2,3,multi_operation,31,1,1000,1.0,asap7,slang,0,0,openroad/orfs@sha256:c1b25c7d0d74a5c3118843451a2803836ac776140bf29e87fb05a1f84d73aa02,23298,2845.00998,609.32736,2235.68262,21.42,-0.02406,-0.12516,pipeline_state[1][900]$_DFFE_PP_,pipeline_state[1][991]$_DFFE_PP_,pipeline_state[1][900]$_DFFE_PP_ -> pipeline_state[1][991]$_DFFE_PP_,no,1.02406,976.5,-0.10997,0.011,0.00082,3.05e-07,0.0118,0.122,0.0668,1.67e-06,0.189,0.0,0.0,0.0,0.0,0.133,0.0676,1.97e-06,0.201,201.0,vectorless_post_synthesis,no,0,success,yes,yes,no,no,no
arx,ARX pipeline,64,32,yes,32,0,2,2,multi_operation,32,1,1000,1.0,asap7,slang,0,0,openroad/orfs@sha256:c1b25c7d0d74a5c3118843451a2803836ac776140bf29e87fb05a1f84d73aa02,23448,2871.35604,628.36884,2242.9872,21.88,0.22853,0.0,pipeline_state[27][4]$_DFFE_PP_,pipeline_state[28][31]$_DFFE_PP_,pipeline_state[27][4]$_DFFE_PP_ -> pipeline_state[28][31]$_DFFE_PP_,yes,0.77147,1296.22,-0.10997,0.0104,0.000831,3.15e-07,0.0112,0.102,0.056,1.67e-06,0.157,0.0,0.0,0.0,0.0,0.112,0.0568,1.99e-06,0.169,169.0,vectorless_post_synthesis,no,0,success,yes,yes,yes,no,no
arx,ARX pipeline,64,33,no,33,0,1,2,multi_operation,33,1,1000,1.0,asap7,slang,0,0,openroad/orfs@sha256:c1b25c7d0d74a5c3118843451a2803836ac776140bf29e87fb05a1f84d73aa02,24310,2965.3533,647.41032,2317.94298,21.83,0.22144,0.0,pipeline_state[27][4]$_DFFE_PP_,pipeline_state[28][31]$_DFFE_PP_,pipeline_state[27][4]$_DFFE_PP_ -> pipeline_state[28][31]$_DFFE_PP_,yes,0.7785599999999999,1284.42,-0.10997,0.0105,0.000861,3.25e-07,0.0113,0.1,0.0568,1.72e-06,0.157,0.0,0.0,0.0,0.0,0.111,0.0576,2.04e-06,0.169,169.0,vectorless_post_synthesis,no,0,success,no,no,no,no,no
arx,ARX pipeline,64,34,no,34,0,1,2,multi_operation,34,1,1000,1.0,asap7,slang,0,0,openroad/orfs@sha256:c1b25c7d0d74a5c3118843451a2803836ac776140bf29e87fb05a1f84d73aa02,23869,2930.56542,666.4518,2264.11362,22.74,0.23301,0.0,pipeline_state[13][2]$_DFFE_PP_,pipeline_state[14][31]$_DFFE_PP_,pipeline_state[13][2]$_DFFE_PP_ -> pipeline_state[14][31]$_DFFE_PP_,yes,0.7669900000000001,1303.8,-0.10997,0.0106,0.000871,3.34e-07,0.0115,0.0976,0.054,1.69e-06,0.152,0.0,0.0,0.0,0.0,0.108,0.0548,2.02e-06,0.163,163.0,vectorless_post_synthesis,no,0,success,yes,yes,no,no,no
arx,ARX pipeline,64,35,no,35,0,1,2,multi_operation,35,1,1000,1.0,asap7,slang,0,0,openroad/orfs@sha256:c1b25c7d0d74a5c3118843451a2803836ac776140bf29e87fb05a1f84d73aa02,24802,3036.59118,685.49328,2351.0979,22.57,0.23675,0.0,pipeline_state[4][74]$_DFFE_PP_,pipeline_state[5][31]$_DFFE_PP_,pipeline_state[4][74]$_DFFE_PP_ -> pipeline_state[5][31]$_DFFE_PP_,yes,0.76325,1310.19,-0.10997,0.0107,0.000899,3.44e-07,0.0116,0.0972,0.0545,1.75e-06,0.152,0.0,0.0,0.0,0.0,0.108,0.0554,2.09e-06,0.163,163.0,vectorless_post_synthesis,no,0,success,yes,no,no,no,no
arx,ARX pipeline,64,36,no,36,0,1,2,multi_operation,36,1,1000,1.0,asap7,slang,0,0,openroad/orfs@sha256:c1b25c7d0d74a5c3118843451a2803836ac776140bf29e87fb05a1f84d73aa02,24943,3056.58036,704.53476,2352.0456,23.05,0.24956,0.0,pipeline_state[3][4]$_DFFE_PP_,pipeline_state[3][93]$_DFFE_PP_,pipeline_state[3][4]$_DFFE_PP_ -> pipeline_state[3][93]$_DFFE_PP_,yes,0.7504400000000001,1332.56,-0.10997,0.0108,0.000926,3.53e-07,0.0117,0.0946,0.053,1.75e-06,0.148,0.0,0.0,0.0,0.0,0.105,0.0539,2.1e-06,0.159,159.0,vectorless_post_synthesis,no,0,success,yes,yes,no,no,no
arx,ARX pipeline,64,37,no,37,0,1,2,multi_operation,37,1,1000,1.0,asap7,slang,0,0,openroad/orfs@sha256:c1b25c7d0d74a5c3118843451a2803836ac776140bf29e87fb05a1f84d73aa02,25150,3088.8459,723.57624,2365.26966,23.43,0.23426,0.0,pipeline_state[1][330]$_DFFE_PP_,pipeline_state[1][415]$_DFFE_PP_,pipeline_state[1][330]$_DFFE_PP_ -> pipeline_state[1][415]$_DFFE_PP_,yes,0.76574,1305.92,-0.10997,0.0109,0.000941,3.63e-07,0.0119,0.0934,0.0521,1.76e-06,0.145,0.0,0.0,0.0,0.0,0.104,0.053,2.12e-06,0.157,157.0,vectorless_post_synthesis,no,0,success,no,yes,no,no,no
arx,ARX pipeline,64,38,no,38,0,1,2,multi_operation,38,1,1000,1.0,asap7,slang,0,0,openroad/orfs@sha256:c1b25c7d0d74a5c3118843451a2803836ac776140bf29e87fb05a1f84d73aa02,25638,3146.24736,742.61772,2403.62964,23.6,0.22342,0.0,pipeline_state[3][132]$_DFFE_PP_,pipeline_state[3][223]$_DFFE_PP_,pipeline_state[3][132]$_DFFE_PP_ -> pipeline_state[3][223]$_DFFE_PP_,yes,0.77658,1287.7,-0.10997,0.011,0.000979,3.72e-07,0.012,0.0909,0.0509,1.78e-06,0.142,0.0,0.0,0.0,0.0,0.102,0.0519,2.15e-06,0.154,154.0,vectorless_post_synthesis,no,0,success,no,yes,no,no,no
arx,ARX pipeline,64,39,no,39,0,1,2,multi_operation,39,1,1000,1.0,asap7,slang,0,0,openroad/orfs@sha256:c1b25c7d0d74a5c3118843451a2803836ac776140bf29e87fb05a1f84d73aa02,25881,3177.43398,761.6592,2415.77478,23.97,0.24037,0.0,pipeline_state[3][324]$_DFFE_PP_,pipeline_state[3][414]$_DFFE_PP_,pipeline_state[3][324]$_DFFE_PP_ -> pipeline_state[3][414]$_DFFE_PP_,yes,0.75963,1316.43,-0.10997,0.0111,0.000996,3.81e-07,0.0121,0.0892,0.05,1.79e-06,0.139,0.0,0.0,0.0,0.0,0.1,0.051,2.17e-06,0.151,151.0,vectorless_post_synthesis,no,0,success,no,yes,no,no,no
arx,ARX pipeline,64,40,no,40,0,1,2,multi_operation,40,1,1000,1.0,asap7,slang,0,0,openroad/orfs@sha256:c1b25c7d0d74a5c3118843451a2803836ac776140bf29e87fb05a1f84d73aa02,25740,3178.96488,780.70068,2398.2642,24.56,0.22431,0.0,pipeline_state[2][452]$_DFFE_PP_,pipeline_state[3][31]$_DFFE_PP_,pipeline_state[2][452]$_DFFE_PP_ -> pipeline_state[3][31]$_DFFE_PP_,yes,0.7756900000000001,1289.17,-0.10997,0.0112,0.00101,3.91e-07,0.0122,0.087,0.0483,1.78e-06,0.135,0.0,0.0,0.0,0.0,0.0982,0.0493,2.17e-06,0.148,148.0,vectorless_post_synthesis,no,0,success,no,yes,no,no,no
arx,ARX pipeline,64,41,no,41,0,1,2,multi_operation,41,1,1000,1.0,asap7,slang,0,0,openroad/orfs@sha256:c1b25c7d0d74a5c3118843451a2803836ac776140bf29e87fb05a1f84d73aa02,26273,3235.78314,799.74216,2436.04098,24.72,0.22932,0.0,pipeline_state[2][323]$_DFFE_PP_,pipeline_state[2][412]$_DFFE_PP_,pipeline_state[2][323]$_DFFE_PP_ -> pipeline_state[2][412]$_DFFE_PP_,yes,0.7706799999999999,1297.55,-0.10997,0.0113,0.00105,4.01e-07,0.0124,0.084,0.0475,1.8e-06,0.131,0.0,0.0,0.0,0.0,0.0953,0.0485,2.2e-06,0.144,144.0,vectorless_post_synthesis,no,0,success,no,yes,no,no,no
arx,ARX pipeline,64,42,no,42,0,1,2,multi_operation,42,1,1000,1.0,asap7,slang,0,0,openroad/orfs@sha256:c1b25c7d0d74a5c3118843451a2803836ac776140bf29e87fb05a1f84d73aa02,26504,3267.17388,818.78364,2448.39024,25.06,0.2378,0.0,pipeline_state[0][194]$_DFFE_PP_,pipeline_state[0][287]$_DFFE_PP_,pipeline_state[0][194]$_DFFE_PP_ -> pipeline_state[0][287]$_DFFE_PP_,yes,0.7622000000000001,1311.99,-0.10997,0.0114,0.00108,4.1e-07,0.0125,0.0825,0.0462,1.81e-06,0.129,0.0,0.0,0.0,0.0,0.0939,0.0473,2.22e-06,0.141,141.0,vectorless_post_synthesis,no,0,success,no,no,no,no,no
arx,ARX pipeline,64,43,no,43,0,1,2,multi_operation,43,1,1000,1.0,asap7,slang,0,0,openroad/orfs@sha256:c1b25c7d0d74a5c3118843451a2803836ac776140bf29e87fb05a1f84d73aa02,26819,3309.92244,837.82512,2472.09732,25.31,0.23474,0.0,pipeline_state[21][4]$_DFFE_PP_,pipeline_state[21][95]$_DFFE_PP_,pipeline_state[21][4]$_DFFE_PP_ -> pipeline_state[21][95]$_DFFE_PP_,yes,0.7652599999999999,1306.75,-0.10997,0.0116,0.0011,4.2e-07,0.0126,0.0815,0.0458,1.82e-06,0.127,0.0,0.0,0.0,0.0,0.0931,0.0469,2.24e-06,0.14,140.0,vectorless_post_synthesis,no,0,success,no,no,no,no,no
arx,ARX pipeline,64,44,no,44,0,1,2,multi_operation,44,1,1000,1.0,asap7,slang,0,0,openroad/orfs@sha256:c1b25c7d0d74a5c3118843451a2803836ac776140bf29e87fb05a1f84d73aa02,26050,3244.38534,856.8666,2387.51874,26.41,0.21892,0.0,pipeline_state[2][335]$_DFFE_PP_,pipeline_state[2][415]$_DFFE_PP_,pipeline_state[2][335]$_DFFE_PP_ -> pipeline_state[2][415]$_DFFE_PP_,yes,0.78108,1280.28,-0.10997,0.0117,0.0011,4.29e-07,0.0128,0.0784,0.043,1.77e-06,0.121,0.0,0.0,0.0,0.0,0.0901,0.0441,2.2e-06,0.134,134.0,vectorless_post_synthesis,no,0,success,no,yes,no,no,no
arx,ARX pipeline,64,45,no,45,0,1,2,multi_operation,45,1,1000,1.0,asap7,slang,0,0,openroad/orfs@sha256:c1b25c7d0d74a5c3118843451a2803836ac776140bf29e87fb05a1f84d73aa02,26890,3339.53442,875.90808,2463.62634,26.23,0.26224,0.0,pipeline_state[2][69]$_DFFE_PP_,pipeline_state[2][159]$_DFFE_PP_,pipeline_state[2][69]$_DFFE_PP_ -> pipeline_state[2][159]$_DFFE_PP_,yes,0.73776,1355.45,-0.10997,0.0118,0.00114,4.39e-07,0.0129,0.0773,0.0431,1.82e-06,0.12,0.0,0.0,0.0,0.0,0.0891,0.0443,2.26e-06,0.133,133.0,vectorless_post_synthesis,no,0,success,yes,yes,no,no,no
arx,ARX pipeline,64,46,no,46,0,1,2,multi_operation,46,1,1000,1.0,asap7,slang,0,0,openroad/orfs@sha256:c1b25c7d0d74a5c3118843451a2803836ac776140bf29e87fb05a1f84d73aa02,27287,3388.52322,894.94956,2493.57366,26.41,0.24439,0.0,pipeline_state[33][17]$_DFFE_PP_,pipeline_state[34][31]$_DFFE_PP_,pipeline_state[33][17]$_DFFE_PP_ -> pipeline_state[34][31]$_DFFE_PP_,yes,0.75561,1323.44,-0.10997,0.0119,0.00115,4.48e-07,0.013,0.0758,0.042,1.84e-06,0.118,0.0,0.0,0.0,0.0,0.0877,0.0432,2.29e-06,0.131,131.0,vectorless_post_synthesis,no,0,success,no,yes,no,no,no
arx,ARX pipeline,64,47,no,47,0,1,2,multi_operation,47,1,1000,1.0,asap7,slang,0,0,openroad/orfs@sha256:c1b25c7d0d74a5c3118843451a2803836ac776140bf29e87fb05a1f84d73aa02,28637,3524.77332,913.99104,2610.78228,25.93,0.25745,0.0,pipeline_state[1][200]$_DFFE_PP_,pipeline_state[1][287]$_DFFE_PP_,pipeline_state[1][200]$_DFFE_PP_ -> pipeline_state[1][287]$_DFFE_PP_,yes,0.7425499999999999,1346.72,-0.10997,0.012,0.0012,4.57e-07,0.0132,0.0737,0.0427,1.91e-06,0.116,0.0,0.0,0.0,0.0,0.0857,0.0439,2.37e-06,0.13,130.0,vectorless_post_synthesis,no,0,success,no,no,no,no,no
arx,ARX pipeline,64,48,no,48,0,1,2,multi_operation,48,1,1000,1.0,asap7,slang,0,0,openroad/orfs@sha256:c1b25c7d0d74a5c3118843451a2803836ac776140bf29e87fb05a1f84d73aa02,28137,3486.83616,933.03252,2553.80364,26.76,0.24449,0.0,pipeline_state[20][4]$_DFFE_PP_,pipeline_state[21][31]$_DFFE_PP_,pipeline_state[20][4]$_DFFE_PP_ -> pipeline_state[21][31]$_DFFE_PP_,yes,0.75551,1323.6,-0.10997,0.0121,0.00121,4.67e-07,0.0133,0.0713,0.0403,1.88e-06,0.112,0.0,0.0,0.0,0.0,0.0834,0.0415,2.35e-06,0.125,125.0,vectorless_post_synthesis,no,0,success,no,yes,no,no,no
arx,ARX pipeline,64,49,no,49,0,1,2,multi_operation,49,1,1000,1.0,asap7,slang,0,0,openroad/orfs@sha256:c1b25c7d0d74a5c3118843451a2803836ac776140bf29e87fb05a1f84d73aa02,28038,3489.2856,952.074,2537.2116,27.29,0.22792,0.0,pipeline_state[0][1668]$_DFFE_PP_,pipeline_state[0][1758]$_DFFE_PP_,pipeline_state[0][1668]$_DFFE_PP_ -> pipeline_state[0][1758]$_DFFE_PP_,yes,0.77208,1295.21,-0.10997,0.0122,0.00123,4.76e-07,0.0134,0.0689,0.0385,1.87e-06,0.107,0.0,0.0,0.0,0.0,0.0811,0.0397,2.35e-06,0.121,121.0,vectorless_post_synthesis,no,0,success,no,yes,no,no,no
arx,ARX pipeline,64,50,no,50,0,1,2,multi_operation,50,1,1000,1.0,asap7,slang,0,0,openroad/orfs@sha256:c1b25c7d0d74a5c3118843451a2803836ac776140bf29e87fb05a1f84d73aa02,28532,3542.09436,971.11548,2570.97888,27.42,0.25082,0.0,pipeline_state[3][137]$_DFFE_PP_,pipeline_state[3][222]$_DFFE_PP_,pipeline_state[3][137]$_DFFE_PP_ -> pipeline_state[3][222]$_DFFE_PP_,yes,0.74918,1334.79,-0.10997,0.0123,0.00126,4.86e-07,0.0135,0.0666,0.0379,1.89e-06,0.105,0.0,0.0,0.0,0.0,0.0789,0.0391,2.37e-06,0.118,118.0,vectorless_post_synthesis,no,0,success,no,yes,no,no,no
arx,ARX pipeline,64,51,no,51,0,1,2,multi_operation,51,1,1000,1.0,asap7,slang,0,0,openroad/orfs@sha256:c1b25c7d0d74a5c3118843451a2803836ac776140bf29e87fb05a1f84d73aa02,28642,3565.48068,990.15696,2575.32372,27.77,0.22733,0.0,pipeline_state[12][133]$_DFFE_PP_,pipeline_state[12][223]$_DFFE_PP_,pipeline_state[12][133]$_DFFE_PP_ -> pipeline_state[12][223]$_DFFE_PP_,yes,0.77267,1294.22,-0.10997,0.0124,0.00128,4.96e-07,0.0137,0.065,0.0367,1.89e-06,0.102,0.0,0.0,0.0,0.0,0.0774,0.038,2.39e-06,0.115,115.0,vectorless_post_synthesis,no,0,success,no,yes,no,no,no
arx,ARX pipeline,64,52,no,52,0,1,2,multi_operation,52,1,1000,1.0,asap7,slang,0,0,openroad/orfs@sha256:c1b25c7d0d74a5c3118843451a2803836ac776140bf29e87fb05a1f84d73aa02,29441,3650.1759,1009.19844,2640.97746,27.65,0.25514,0.0,pipeline_state[1][715]$_DFFE_PP_,pipeline_state[1][795]$_DFFE_PP_,pipeline_state[1][715]$_DFFE_PP_ -> pipeline_state[1][795]$_DFFE_PP_,yes,0.74486,1342.54,-0.10997,0.0125,0.00131,5.05e-07,0.0138,0.063,0.0362,1.93e-06,0.0991,0.0,0.0,0.0,0.0,0.0755,0.0375,2.44e-06,0.113,113.0,vectorless_post_synthesis,no,0,success,no,no,no,no,no
arx,ARX pipeline,64,53,no,53,0,1,2,multi_operation,53,1,1000,1.0,asap7,slang,0,0,openroad/orfs@sha256:c1b25c7d0d74a5c3118843451a2803836ac776140bf29e87fb05a1f84d73aa02,28794,3601.20168,1028.23992,2572.96176,28.55,0.26134,0.0,pipeline_state[0][580]$_DFFE_PP_,pipeline_state[0][671]$_DFFE_PP_,pipeline_state[0][580]$_DFFE_PP_ -> pipeline_state[0][671]$_DFFE_PP_,yes,0.73866,1353.8,-0.10997,0.0126,0.0013,5.14e-07,0.0139,0.0609,0.0342,1.9e-06,0.0951,0.0,0.0,0.0,0.0,0.0735,0.0355,2.41e-06,0.109,109.0,vectorless_post_synthesis,no,0,success,no,yes,no,no,no
arx,ARX pipeline,64,54,no,54,0,1,2,multi_operation,54,1,1000,1.0,asap7,slang,0,0,openroad/orfs@sha256:c1b25c7d0d74a5c3118843451a2803836ac776140bf29e87fb05a1f84d73aa02,29163,3649.2282,1047.2814,2601.9468,28.7,0.24309,0.0,pipeline_state[5][69]$_DFFE_PP_,pipeline_state[5][159]$_DFFE_PP_,pipeline_state[5][69]$_DFFE_PP_ -> pipeline_state[5][159]$_DFFE_PP_,yes,0.75691,1321.16,-0.10997,0.0127,0.00131,5.23e-07,0.014,0.0593,0.033,1.92e-06,0.0923,0.0,0.0,0.0,0.0,0.072,0.0343,2.44e-06,0.106,106.0,vectorless_post_synthesis,no,0,success,no,yes,no,no,no
arx,ARX pipeline,64,55,no,55,0,1,2,multi_operation,55,1,1000,1.0,asap7,slang,0,0,openroad/orfs@sha256:c1b25c7d0d74a5c3118843451a2803836ac776140bf29e87fb05a1f84d73aa02,29337,3670.74828,1066.32288,2604.4254,29.05,0.22547,0.0,pipeline_state[1][265]$_DFFE_PP_,pipeline_state[1][351]$_DFFE_PP_,pipeline_state[1][265]$_DFFE_PP_ -> pipeline_state[1][351]$_DFFE_PP_,yes,0.7745299999999999,1291.11,-0.10997,0.0128,0.00136,5.33e-07,0.0142,0.0565,0.0316,1.92e-06,0.0881,0.0,0.0,0.0,0.0,0.0693,0.033,2.45e-06,0.102,102.0,vectorless_post_synthesis,no,0,success,no,yes,no,no,no
arx,ARX pipeline,64,56,no,56,0,1,2,multi_operation,56,1,1000,1.0,asap7,slang,0,0,openroad/orfs@sha256:c1b25c7d0d74a5c3118843451a2803836ac776140bf29e87fb05a1f84d73aa02,29546,3706.1631,1085.36436,2620.79874,29.29,0.24077,0.0,pipeline_state[41][15]$_DFFE_PP_,pipeline_state[42][31]$_DFFE_PP_,pipeline_state[41][15]$_DFFE_PP_ -> pipeline_state[42][31]$_DFFE_PP_,yes,0.7592300000000001,1317.12,-0.10997,0.0129,0.00136,5.43e-07,0.0143,0.0548,0.0306,1.93e-06,0.0854,0.0,0.0,0.0,0.0,0.0677,0.032,2.47e-06,0.0997,99.7,vectorless_post_synthesis,no,0,success,no,yes,no,no,no
arx,ARX pipeline,64,57,no,57,0,1,2,multi_operation,57,1,1000,1.0,asap7,slang,0,0,openroad/orfs@sha256:c1b25c7d0d74a5c3118843451a2803836ac776140bf29e87fb05a1f84d73aa02,29822,3743.29836,1104.40584,2638.89252,29.5,0.24677,0.0,pipeline_state[1][4]$_DFFE_PP_,pipeline_state[1][95]$_DFFE_PP_,pipeline_state[1][4]$_DFFE_PP_ -> pipeline_state[1][95]$_DFFE_PP_,yes,0.7532300000000001,1327.62,-0.10997,0.013,0.00139,5.52e-07,0.0144,0.0532,0.0296,1.94e-06,0.0828,0.0,0.0,0.0,0.0,0.0662,0.031,2.49e-06,0.0972,97.2,vectorless_post_synthesis,no,0,success,no,yes,no,no,no
arx,ARX pipeline,64,58,no,58,0,1,2,multi_operation,58,1,1000,1.0,asap7,slang,0,0,openroad/orfs@sha256:c1b25c7d0d74a5c3118843451a2803836ac776140bf29e87fb05a1f84d73aa02,30594,3828.43098,1123.44732,2704.98366,29.34,0.27629,0.0,pipeline_state[24][4]$_DFFE_PP_,pipeline_state[24][93]$_DFFE_PP_,pipeline_state[24][4]$_DFFE_PP_ -> pipeline_state[24][93]$_DFFE_PP_,yes,0.7237100000000001,1381.76,-0.10997,0.0131,0.00144,5.62e-07,0.0146,0.0512,0.0289,1.98e-06,0.0801,0.0,0.0,0.0,0.0,0.0643,0.0303,2.54e-06,0.0947,94.7,vectorless_post_synthesis,no,0,success,yes,no,no,no,no
arx,ARX pipeline,64,59,no,59,0,1,2,multi_operation,59,1,1000,1.0,asap7,slang,0,0,openroad/orfs@sha256:c1b25c7d0d74a5c3118843451a2803836ac776140bf29e87fb05a1f84d73aa02,30190,3795.96132,1142.4888,2653.47252,30.1,0.25065,0.0,pipeline_state[0][1474]$_DFFE_PP_,pipeline_state[0][1567]$_DFFE_PP_,pipeline_state[0][1474]$_DFFE_PP_ -> pipeline_state[0][1567]$_DFFE_PP_,yes,0.7493500000000001,1334.49,-0.10997,0.0132,0.00143,5.71e-07,0.0147,0.049,0.0274,1.95e-06,0.0764,0.0,0.0,0.0,0.0,0.0622,0.0289,2.52e-06,0.0911,91.1,vectorless_post_synthesis,no,0,success,no,yes,no,no,no
arx,ARX pipeline,64,60,no,60,0,1,2,multi_operation,60,1,1000,1.0,asap7,slang,0,0,openroad/orfs@sha256:c1b25c7d0d74a5c3118843451a2803836ac776140bf29e87fb05a1f84d73aa02,30422,3831.49278,1161.53028,2669.9625,30.32,0.27175,0.0,pipeline_state[11][12]$_DFFE_PP_,pipeline_state[11][94]$_DFFE_PP_,pipeline_state[11][12]$_DFFE_PP_ -> pipeline_state[11][94]$_DFFE_PP_,yes,0.72825,1373.15,-0.10997,0.0133,0.00146,5.8e-07,0.0148,0.0467,0.0261,1.96e-06,0.0727,0.0,0.0,0.0,0.0,0.06,0.0275,2.54e-06,0.0875,87.5,vectorless_post_synthesis,no,0,success,no,yes,no,no,no
arx,ARX pipeline,64,61,no,61,0,1,2,multi_operation,61,1,1000,1.0,asap7,slang,0,0,openroad/orfs@sha256:c1b25c7d0d74a5c3118843451a2803836ac776140bf29e87fb05a1f84d73aa02,31480,3933.7569,1180.57176,2753.18514,30.01,0.25033,0.0,pipeline_state[60][9]$_DFFE_PP_,pipeline_state[61][26]$_DFFE_PP_,pipeline_state[60][9]$_DFFE_PP_ -> pipeline_state[61][26]$_DFFE_PP_,yes,0.74967,1333.92,-0.10997,0.0134,0.00152,5.9e-07,0.015,0.0448,0.0256,2.01e-06,0.0705,0.0,0.0,0.0,0.0,0.0583,0.0271,2.6e-06,0.0854,85.4,vectorless_post_synthesis,no,0,success,no,no,no,no,no
arx,ARX pipeline,64,62,no,62,0,1,2,multi_operation,62,1,1000,1.0,asap7,slang,0,0,openroad/orfs@sha256:c1b25c7d0d74a5c3118843451a2803836ac776140bf29e87fb05a1f84d73aa02,31035,3909.74364,1199.61324,2710.1304,30.68,0.26235,0.0,pipeline_state[30][78]$_DFFE_PP_,pipeline_state[31][31]$_DFFE_PP_,pipeline_state[30][78]$_DFFE_PP_ -> pipeline_state[31][31]$_DFFE_PP_,yes,0.73765,1355.65,-0.10997,0.0136,0.0015,5.99e-07,0.0151,0.0428,0.024,1.99e-06,0.0669,0.0,0.0,0.0,0.0,0.0564,0.0255,2.58e-06,0.0819,81.9,vectorless_post_synthesis,no,0,success,no,yes,no,no,no
arx,ARX pipeline,64,63,no,63,0,1,2,multi_operation,63,1,1000,1.0,asap7,slang,0,0,openroad/orfs@sha256:c1b25c7d0d74a5c3118843451a2803836ac776140bf29e87fb05a1f84d73aa02,31917,3999.74598,1218.65472,2781.09126,30.47,0.3116,0.0,pipeline_state[7][388]$_DFFE_PP_,pipeline_state[7][479]$_DFFE_PP_,pipeline_state[7][388]$_DFFE_PP_ -> pipeline_state[7][479]$_DFFE_PP_,yes,0.6884,1452.64,-0.10997,0.0137,0.00158,6.09e-07,0.0152,0.0407,0.0232,2.03e-06,0.0639,0.0,0.0,0.0,0.0,0.0543,0.0248,2.64e-06,0.0791,79.1,vectorless_post_synthesis,no,0,success,yes,yes,no,no,no
arx,ARX pipeline,64,64,yes,64,0,1,1,one_operation,64,1,1000,1.0,asap7,slang,0,0,openroad/orfs@sha256:c1b25c7d0d74a5c3118843451a2803836ac776140bf29e87fb05a1f84d73aa02,32116,4035.21912,1237.6962,2797.52292,30.67,0.52032,0.0,pipeline_state[23][10]$_DFFE_PP_,pipeline_state[24][28]$_DFFE_PP_,pipeline_state[23][10]$_DFFE_PP_ -> pipeline_state[24][28]$_DFFE_PP_,yes,0.47968,2084.73,-0.10997,0.0138,0.00157,6.19e-07,0.0153,0.039,0.0223,2.04e-06,0.0613,0.0,0.0,0.0,0.0,0.0527,0.0239,2.66e-06,0.0766,76.6,vectorless_post_synthesis,no,0,success,yes,yes,no,yes,yes
rs_chien,RS Chien/Horner pipeline,64,1,yes,1,0,64,64,multi_operation,1,1,1000,1.0,asap7,slang,0,0,openroad/orfs@sha256:c1b25c7d0d74a5c3118843451a2803836ac776140bf29e87fb05a1f84d73aa02,22002,2858.68602,193.59324,2665.09278,6.77,-8.2033,-84.93118,coefficient_reg[1][317]$_DFFE_PP_,pipeline_accumulator[0][16]$_DFFE_PP_,coefficient_reg[1][317]$_DFFE_PP_ -> pipeline_accumulator[0][16]$_DFFE_PP_,no,9.203299999999999,108.66,-0.09852,0.00138,0.000109,1.03e-07,0.00149,0.805,0.619,2.08e-06,1.42,0.0,0.0,0.0,0.0,0.806,0.619,2.19e-06,1.43,1430.0,vectorless_post_synthesis,no,0,success,no,no,no,no,no
rs_chien,RS Chien/Horner pipeline,64,2,yes,2,0,32,32,multi_operation,2,1,1000,1.0,asap7,slang,0,0,openroad/orfs@sha256:c1b25c7d0d74a5c3118843451a2803836ac776140bf29e87fb05a1f84d73aa02,21797,2663.31402,199.80432,2463.5097,7.5,-3.73997,-74.13029,pipeline_accumulator[0][18]$_DFFE_PP_,pipeline_accumulator[0][23]$_DFFE_PP_,pipeline_accumulator[0][18]$_DFFE_PP_ -> pipeline_accumulator[0][23]$_DFFE_PP_,no,4.7399700000000005,210.97,-0.09852,0.00163,0.000116,1.06e-07,0.00174,0.83,0.588,1.87e-06,1.42,0.0,0.0,0.0,0.0,0.831,0.588,1.98e-06,1.42,1420.0,vectorless_post_synthesis,no,0,success,no,no,no,no,no
rs_chien,RS Chien/Horner pipeline,64,3,no,3,0,21,22,multi_operation,3,1,1000,1.0,asap7,slang,0,0,openroad/orfs@sha256:c1b25c7d0d74a5c3118843451a2803836ac776140bf29e87fb05a1f84d73aa02,21296,2615.88528,206.0154,2409.86988,7.88,-2.30711,-67.30391,pipeline_accumulator[2][8]$_DFFE_PP_,pipeline_accumulator[3][3]$_DFFE_PP_,pipeline_accumulator[2][8]$_DFFE_PP_ -> pipeline_accumulator[3][3]$_DFFE_PP_,no,3.30711,302.38,-0.09852,0.00185,0.000126,1.09e-07,0.00198,0.834,0.551,1.86e-06,1.38,0.0,0.0,0.0,0.0,0.835,0.551,1.97e-06,1.39,1390.0,vectorless_post_synthesis,no,0,success,no,no,no,no,no
rs_chien,RS Chien/Horner pipeline,64,4,yes,4,0,16,16,multi_operation,4,1,1000,1.0,asap7,slang,0,0,openroad/orfs@sha256:c1b25c7d0d74a5c3118843451a2803836ac776140bf29e87fb05a1f84d73aa02,21547,2592.55728,212.22648,2380.3308,8.19,-1.49324,-58.35344,pipeline_accumulator[0][36]$_DFFE_PP_,pipeline_accumulator[0][43]$_DFFE_PP_,pipeline_accumulator[0][36]$_DFFE_PP_ -> pipeline_accumulator[0][43]$_DFFE_PP_,no,2.4932399999999997,401.08,-0.09852,0.00208,0.000133,1.12e-07,0.00221,0.807,0.54,1.8e-06,1.35,0.0,0.0,0.0,0.0,0.809,0.54,1.92e-06,1.35,1350.0,vectorless_post_synthesis,no,0,success,no,no,no,no,no
rs_chien,RS Chien/Horner pipeline,64,5,no,5,0,12,13,multi_operation,5,1,1000,1.0,asap7,slang,0,0,openroad/orfs@sha256:c1b25c7d0d74a5c3118843451a2803836ac776140bf29e87fb05a1f84d73aa02,21462,2652.37902,218.43756,2433.94146,8.24,-1.05524,-49.79357,pipeline_accumulator[2][0]$_DFFE_PP_,pipeline_accumulator[3][6]$_DFFE_PP_,pipeline_accumulator[2][0]$_DFFE_PP_ -> pipeline_accumulator[3][6]$_DFFE_PP_,no,2.05524,486.56,-0.09852,0.00228,0.000153,1.15e-07,0.00244,0.794,0.529,1.89e-06,1.32,0.0,0.0,0.0,0.0,0.797,0.529,2e-06,1.33,1330.0,vectorless_post_synthesis,no,0,success,no,no,no,no,no
rs_chien,RS Chien/Horner pipeline,64,6,no,6,0,10,11,multi_operation,6,1,1000,1.0,asap7,slang,0,0,openroad/orfs@sha256:c1b25c7d0d74a5c3118843451a2803836ac776140bf29e87fb05a1f84d73aa02,20972,2561.0499,224.64864,2336.40126,8.77,-0.73534,-41.38168,pipeline_x[5][6]$_DFFE_PP_,pipeline_accumulator[6][3]$_DFFE_PP_,pipeline_x[5][6]$_DFFE_PP_ -> pipeline_accumulator[6][3]$_DFFE_PP_,no,1.7353299999999998,576.26,-0.09852,0.00251,0.000151,1.18e-07,0.00266,0.762,0.498,1.82e-06,1.26,0.0,0.0,0.0,0.0,0.765,0.498,1.93e-06,1.26,1260.0,vectorless_post_synthesis,no,0,success,no,no,no,no,no
rs_chien,RS Chien/Horner pipeline,64,7,no,7,0,9,10,multi_operation,7,1,1000,1.0,asap7,slang,0,0,openroad/orfs@sha256:c1b25c7d0d74a5c3118843451a2803836ac776140bf29e87fb05a1f84d73aa02,20901,2487.01266,230.85972,2256.15294,9.28,-0.59044,-36.77208,pipeline_accumulator[1][25]$_DFFE_PP_,pipeline_accumulator[1][33]$_DFFE_PP_,pipeline_accumulator[1][25]$_DFFE_PP_ -> pipeline_accumulator[1][33]$_DFFE_PP_,no,1.59044,628.76,-0.09852,0.00283,0.000156,1.21e-07,0.00298,0.744,0.443,1.77e-06,1.19,0.0,0.0,0.0,0.0,0.746,0.443,1.89e-06,1.19,1190.0,vectorless_post_synthesis,no,0,success,no,no,no,no,no
rs_chien,RS Chien/Horner pipeline,64,8,yes,8,0,8,8,multi_operation,8,1,1000,1.0,asap7,slang,0,0,openroad/orfs@sha256:c1b25c7d0d74a5c3118843451a2803836ac776140bf29e87fb05a1f84d73aa02,21787,2652.26238,237.0708,2415.19158,8.94,-0.31906,-23.33384,pipeline_accumulator[0][68]$_DFFE_PP_,pipeline_accumulator[0][77]$_DFFE_PP_,pipeline_accumulator[0][68]$_DFFE_PP_ -> pipeline_accumulator[0][77]$_DFFE_PP_,no,1.31906,758.12,-0.09852,0.0029,0.000169,1.24e-07,0.00307,0.715,0.48,1.85e-06,1.2,0.0,0.0,0.0,0.0,0.718,0.481,1.98e-06,1.2,1200.0,vectorless_post_synthesis,no,0,success,no,no,no,no,no
rs_chien,RS Chien/Horner pipeline,64,9,no,9,0,7,8,multi_operation,9,1,1000,1.0,asap7,slang,0,0,openroad/orfs@sha256:c1b25c7d0d74a5c3118843451a2803836ac776140bf29e87fb05a1f84d73aa02,20424,2442.04794,243.28188,2198.76606,9.96,-0.29463,-21.06491,pipeline_accumulator[8][8]$_DFFE_PP_,pipeline_accumulator[9][3]$_DFFE_PP_,pipeline_accumulator[8][8]$_DFFE_PP_ -> pipeline_accumulator[9][3]$_DFFE_PP_,no,1.2946300000000002,772.42,-0.09852,0.00329,0.000166,1.27e-07,0.00345,0.686,0.394,1.74e-06,1.08,0.0,0.0,0.0,0.0,0.689,0.395,1.87e-06,1.08,1080.0,vectorless_post_synthesis,no,0,success,yes,yes,no,no,no
rs_chien,RS Chien/Horner pipeline,64,10,no,10,0,6,7,multi_operation,10,1,1000,1.0,asap7,slang,0,0,openroad/orfs@sha256:c1b25c7d0d74a5c3118843451a2803836ac776140bf29e87fb05a1f84d73aa02,21134,2544.98274,249.49296,2295.48978,9.8,-0.19149,-11.19615,pipeline_accumulator[2][2]$_DFFE_PP_,pipeline_accumulator[3][4]$_DFFE_PP_,pipeline_accumulator[2][2]$_DFFE_PP_ -> pipeline_accumulator[3][4]$_DFFE_PP_,no,1.19149,839.28,-0.09852,0.00352,0.000175,1.3e-07,0.00369,0.682,0.414,1.81e-06,1.1,0.0,0.0,0.0,0.0,0.685,0.414,1.94e-06,1.1,1100.0,vectorless_post_synthesis,no,0,success,no,no,no,no,no
rs_chien,RS Chien/Horner pipeline,64,11,no,11,0,5,6,multi_operation,11,1,1000,1.0,asap7,slang,0,0,openroad/orfs@sha256:c1b25c7d0d74a5c3118843451a2803836ac776140bf29e87fb05a1f84d73aa02,21515,2620.79874,255.70404,2365.0947,9.76,-0.03176,-1.63907,pipeline_accumulator[2][19]$_DFFE_PP_,pipeline_accumulator[2][29]$_DFFE_PP_,pipeline_accumulator[2][19]$_DFFE_PP_ -> pipeline_accumulator[2][29]$_DFFE_PP_,no,1.03176,969.22,-0.09852,0.00359,0.00019,1.33e-07,0.00378,0.64,0.409,1.84e-06,1.05,0.0,0.0,0.0,0.0,0.644,0.409,1.97e-06,1.05,1050.0,vectorless_post_synthesis,no,0,success,no,no,no,no,no
rs_chien,RS Chien/Horner pipeline,64,12,no,12,0,5,6,multi_operation,12,1,1000,1.0,asap7,slang,0,0,openroad/orfs@sha256:c1b25c7d0d74a5c3118843451a2803836ac776140bf29e87fb05a1f84d73aa02,20896,2491.722,261.91512,2229.80688,10.51,-0.02566,-0.41036,pipeline_accumulator[1][7]$_DFFE_PP_,pipeline_accumulator[1][10]$_DFFE_PP_,pipeline_accumulator[1][7]$_DFFE_PP_ -> pipeline_accumulator[1][10]$_DFFE_PP_,no,1.02566,974.98,-0.09852,0.00398,0.000203,1.36e-07,0.00419,0.619,0.364,1.76e-06,0.983,0.0,0.0,0.0,0.0,0.623,0.364,1.9e-06,0.987,987.0,vectorless_post_synthesis,no,0,success,no,no,no,no,no
rs_chien,RS Chien/Horner pipeline,64,13,no,13,0,4,5,multi_operation,13,1,1000,1.0,asap7,slang,0,0,openroad/orfs@sha256:c1b25c7d0d74a5c3118843451a2803836ac776140bf29e87fb05a1f84d73aa02,22054,2682.73458,268.1262,2414.60838,9.99,0.09188,0.0,pipeline_accumulator[0][46]$_DFFE_PP_,pipeline_accumulator[0][56]$_DFFE_PP_,pipeline_accumulator[0][46]$_DFFE_PP_ -> pipeline_accumulator[0][56]$_DFFE_PP_,yes,0.90812,1101.18,-0.09852,0.00399,0.00021,1.39e-07,0.0042,0.623,0.389,1.87e-06,1.01,0.0,0.0,0.0,0.0,0.627,0.389,2.01e-06,1.02,1020.0,vectorless_post_synthesis,no,0,success,no,no,no,no,no
rs_chien,RS Chien/Horner pipeline,64,14,no,14,0,4,5,multi_operation,14,1,1000,1.0,asap7,slang,0,0,openroad/orfs@sha256:c1b25c7d0d74a5c3118843451a2803836ac776140bf29e87fb05a1f84d73aa02,21140,2545.5951,274.33728,2271.25782,10.78,0.07976,0.0,pipeline_accumulator[1][41]$_DFFE_PP_,pipeline_accumulator[1][53]$_DFFE_PP_,pipeline_accumulator[1][41]$_DFFE_PP_ -> pipeline_accumulator[1][53]$_DFFE_PP_,yes,0.9202400000000001,1086.67,-0.09852,0.00426,0.000214,1.42e-07,0.00447,0.58,0.34,1.79e-06,0.92,0.0,0.0,0.0,0.0,0.584,0.34,1.94e-06,0.924,924.0,vectorless_post_synthesis,no,0,success,no,no,no,no,no
rs_chien,RS Chien/Horner pipeline,64,15,no,15,0,4,5,multi_operation,15,1,1000,1.0,asap7,slang,0,0,openroad/orfs@sha256:c1b25c7d0d74a5c3118843451a2803836ac776140bf29e87fb05a1f84d73aa02,20732,2468.74392,280.54836,2188.19556,11.36,0.07906,0.0,pipeline_accumulator[1][64]$_DFFE_PP_,pipeline_accumulator[1][75]$_DFFE_PP_,pipeline_accumulator[1][64]$_DFFE_PP_ -> pipeline_accumulator[1][75]$_DFFE_PP_,yes,0.9209400000000001,1085.84,-0.09852,0.00464,0.000215,1.44e-07,0.00485,0.562,0.31,1.74e-06,0.872,0.0,0.0,0.0,0.0,0.567,0.31,1.89e-06,0.877,877.0,vectorless_post_synthesis,no,0,success,yes,yes,yes,no,no
rs_chien,RS Chien/Horner pipeline,64,16,yes,16,0,4,4,multi_operation,16,1,1000,1.0,asap7,slang,0,0,openroad/orfs@sha256:c1b25c7d0d74a5c3118843451a2803836ac776140bf29e87fb05a1f84d73aa02,21988,2653.72038,286.75944,2366.96094,10.81,0.24133,0.0,pipeline_accumulator[0][58]$_DFFE_PP_,pipeline_accumulator[0][63]$_DFFE_PP_,pipeline_accumulator[0][58]$_DFFE_PP_ -> pipeline_accumulator[0][63]$_DFFE_PP_,yes,0.75867,1318.1,-0.09852,0.00451,0.000227,1.47e-07,0.00474,0.52,0.323,1.84e-06,0.842,0.0,0.0,0.0,0.0,0.524,0.323,1.99e-06,0.847,847.0,vectorless_post_synthesis,no,0,success,no,no,no,no,no
rs_chien,RS Chien/Horner pipeline,64,17,no,17,0,3,4,multi_operation,17,1,1000,1.0,asap7,slang,0,0,openroad/orfs@sha256:c1b25c7d0d74a5c3118843451a2803836ac776140bf29e87fb05a1f84d73aa02,21183,2556.6759,292.97052,2263.70538,11.46,0.2256,0.0,pipeline_x[6][1]$_DFFE_PP_,pipeline_accumulator[7][3]$_DFFE_PP_,pipeline_x[6][1]$_DFFE_PP_ -> pipeline_accumulator[7][3]$_DFFE_PP_,yes,0.7744,1291.32,-0.09852,0.00497,0.000223,1.5e-07,0.0052,0.519,0.283,1.8e-06,0.801,0.0,0.0,0.0,0.0,0.524,0.283,1.96e-06,0.806,806.0,vectorless_post_synthesis,no,0,success,no,no,no,no,no
rs_chien,RS Chien/Horner pipeline,64,18,no,18,0,3,4,multi_operation,18,1,1000,1.0,asap7,slang,0,0,openroad/orfs@sha256:c1b25c7d0d74a5c3118843451a2803836ac776140bf29e87fb05a1f84d73aa02,21521,2593.4175,299.1816,2294.2359,11.54,0.23332,0.0,pipeline_accumulator[12][5]$_DFFE_PP_,pipeline_accumulator[13][4]$_DFFE_PP_,pipeline_accumulator[12][5]$_DFFE_PP_ -> pipeline_accumulator[13][4]$_DFFE_PP_,yes,0.7666799999999999,1304.33,-0.09852,0.00511,0.000227,1.53e-07,0.00534,0.491,0.275,1.81e-06,0.766,0.0,0.0,0.0,0.0,0.497,0.275,1.97e-06,0.772,772.0,vectorless_post_synthesis,no,0,success,no,no,no,no,no
rs_chien,RS Chien/Horner pipeline,64,19,no,19,0,3,4,multi_operation,19,1,1000,1.0,asap7,slang,0,0,openroad/orfs@sha256:c1b25c7d0d74a5c3118843451a2803836ac776140bf29e87fb05a1f84d73aa02,21191,2552.12694,305.39268,2246.73426,11.97,0.2392,0.0,pipeline_accumulator[4][28]$_DFFE_PP_,pipeline_accumulator[4][34]$_DFFE_PP_,pipeline_accumulator[4][28]$_DFFE_PP_ -> pipeline_accumulator[4][34]$_DFFE_PP_,yes,0.7607999999999999,1314.41,-0.09852,0.00543,0.000244,1.56e-07,0.00567,0.481,0.264,1.78e-06,0.745,0.0,0.0,0.0,0.0,0.487,0.264,1.94e-06,0.751,751.0,vectorless_post_synthesis,no,0,success,no,no,no,no,no
rs_chien,RS Chien/Horner pipeline,64,20,no,20,0,3,4,multi_operation,20,1,1000,1.0,asap7,slang,0,0,openroad/orfs@sha256:c1b25c7d0d74a5c3118843451a2803836ac776140bf29e87fb05a1f84d73aa02,20650,2480.07258,311.60376,2168.46882,12.56,0.25209,0.0,pipeline_accumulator[1][14]$_DFFE_PP_,pipeline_accumulator[1][24]$_DFFE_PP_,pipeline_accumulator[1][14]$_DFFE_PP_ -> pipeline_accumulator[1][24]$_DFFE_PP_,yes,0.74791,1337.05,-0.09852,0.00574,0.000245,1.59e-07,0.00599,0.447,0.235,1.73e-06,0.682,0.0,0.0,0.0,0.0,0.453,0.235,1.89e-06,0.688,688.0,vectorless_post_synthesis,no,0,success,no,no,no,no,no
rs_chien,RS Chien/Horner pipeline,64,21,no,21,0,3,4,multi_operation,21,1,1000,1.0,asap7,slang,0,0,openroad/orfs@sha256:c1b25c7d0d74a5c3118843451a2803836ac776140bf29e87fb05a1f84d73aa02,20666,2472.24312,317.81484,2154.42828,12.86,0.25946,0.0,pipeline_accumulator[2][49]$_DFFE_PP_,pipeline_accumulator[2][53]$_DFFE_PP_,pipeline_accumulator[2][49]$_DFFE_PP_ -> pipeline_accumulator[2][53]$_DFFE_PP_,yes,0.74054,1350.37,-0.09852,0.00604,0.000257,1.62e-07,0.0063,0.434,0.218,1.73e-06,0.652,0.0,0.0,0.0,0.0,0.44,0.218,1.89e-06,0.658,658.0,vectorless_post_synthesis,no,0,success,yes,yes,no,no,no
rs_chien,RS Chien/Horner pipeline,64,22,no,22,0,2,3,multi_operation,22,1,1000,1.0,asap7,slang,0,0,openroad/orfs@sha256:c1b25c7d0d74a5c3118843451a2803836ac776140bf29e87fb05a1f84d73aa02,21617,2621.3382,324.02592,2297.31228,12.36,0.3761,0.0,pipeline_accumulator[2][58]$_DFFE_PP_,pipeline_accumulator[2][65]$_DFFE_PP_,pipeline_accumulator[2][58]$_DFFE_PP_ -> pipeline_accumulator[2][65]$_DFFE_PP_,yes,0.6239,1602.83,-0.09852,0.0058,0.000257,1.65e-07,0.00606,0.39,0.213,1.83e-06,0.603,0.0,0.0,0.0,0.0,0.396,0.213,1.99e-06,0.609,609.0,vectorless_post_synthesis,no,0,success,no,no,no,no,no
rs_chien,RS Chien/Horner pipeline,64,23,no,23,0,2,3,multi_operation,23,1,1000,1.0,asap7,slang,0,0,openroad/orfs@sha256:c1b25c7d0d74a5c3118843451a2803836ac776140bf29e87fb05a1f84d73aa02,21709,2641.167,330.237,2310.93,12.5,0.38336,0.0,pipeline_accumulator[1][38]$_DFFE_PP_,pipeline_accumulator[1][44]$_DFFE_PP_,pipeline_accumulator[1][38]$_DFFE_PP_ -> pipeline_accumulator[1][44]$_DFFE_PP_,yes,0.61664,1621.69,-0.09852,0.00574,0.000287,1.68e-07,0.00603,0.356,0.199,1.82e-06,0.555,0.0,0.0,0.0,0.0,0.361,0.2,1.99e-06,0.561,561.0,vectorless_post_synthesis,no,0,success,no,no,no,no,no
rs_chien,RS Chien/Horner pipeline,64,24,no,24,0,2,3,multi_operation,24,1,1000,1.0,asap7,slang,0,0,openroad/orfs@sha256:c1b25c7d0d74a5c3118843451a2803836ac776140bf29e87fb05a1f84d73aa02,21547,2618.59716,336.44808,2282.14908,12.85,0.38576,0.0,pipeline_accumulator[0][147]$_DFFE_PP_,pipeline_accumulator[0][152]$_DFFE_PP_,pipeline_accumulator[0][147]$_DFFE_PP_ -> pipeline_accumulator[0][152]$_DFFE_PP_,yes,0.61424,1628.03,-0.09972,0.00586,0.00029,1.71e-07,0.00615,0.334,0.18,1.81e-06,0.515,0.0,0.0,0.0,0.0,0.34,0.181,1.99e-06,0.521,521.0,vectorless_post_synthesis,no,0,success,no,no,no,no,no
rs_chien,RS Chien/Horner pipeline,64,25,no,25,0,2,3,multi_operation,25,1,1000,1.0,asap7,slang,0,0,openroad/orfs@sha256:c1b25c7d0d74a5c3118843451a2803836ac776140bf29e87fb05a1f84d73aa02,21421,2602.66122,342.65916,2260.00206,13.17,0.3942,0.0,pipeline_x[0][70]$_DFFE_PP_,pipeline_accumulator[0][85]$_DFFE_PP_,pipeline_x[0][70]$_DFFE_PP_ -> pipeline_accumulator[0][85]$_DFFE_PP_,yes,0.6058,1650.71,-0.09852,0.0057,0.000293,1.74e-07,0.00599,0.328,0.178,1.81e-06,0.506,0.0,0.0,0.0,0.0,0.333,0.178,1.98e-06,0.512,512.0,vectorless_post_synthesis,no,0,success,no,no,no,no,no
rs_chien,RS Chien/Horner pipeline,64,26,no,26,0,2,3,multi_operation,26,1,1000,1.0,asap7,slang,0,0,openroad/orfs@sha256:c1b25c7d0d74a5c3118843451a2803836ac776140bf29e87fb05a1f84d73aa02,21786,2645.08902,348.87024,2296.21878,13.19,0.38384,0.0,pipeline_accumulator[0][127]$_DFFE_PP_,pipeline_accumulator[0][134]$_DFFE_PP_,pipeline_accumulator[0][127]$_DFFE_PP_ -> pipeline_accumulator[0][134]$_DFFE_PP_,yes,0.6161599999999999,1622.96,-0.09852,0.00578,0.000296,1.77e-07,0.00607,0.294,0.154,1.81e-06,0.447,0.0,0.0,0.0,0.0,0.299,0.154,1.99e-06,0.453,453.0,vectorless_post_synthesis,no,0,success,no,no,no,no,no
rs_chien,RS Chien/Horner pipeline,64,27,no,27,0,2,3,multi_operation,27,1,1000,1.0,asap7,slang,0,0,openroad/orfs@sha256:c1b25c7d0d74a5c3118843451a2803836ac776140bf29e87fb05a1f84d73aa02,21688,2619.83646,355.08132,2264.75514,13.55,0.37992,0.0,pipeline_accumulator[1][56]$_DFFE_PP_,pipeline_accumulator[1][63]$_DFFE_PP_,pipeline_accumulator[1][56]$_DFFE_PP_ -> pipeline_accumulator[1][63]$_DFFE_PP_,yes,0.6200800000000001,1612.69,-0.09852,0.00582,0.000319,1.8e-07,0.00614,0.27,0.138,1.8e-06,0.408,0.0,0.0,0.0,0.0,0.276,0.139,1.97e-06,0.415,415.0,vectorless_post_synthesis,no,0,success,no,no,no,no,no
rs_chien,RS Chien/Horner pipeline,64,28,no,28,0,2,3,multi_operation,28,1,1000,1.0,asap7,slang,0,0,openroad/orfs@sha256:c1b25c7d0d74a5c3118843451a2803836ac776140bf29e87fb05a1f84d73aa02,21405,2599.58484,361.2924,2238.29244,13.9,0.39543,0.0,pipeline_accumulator[0][109]$_DFFE_PP_,pipeline_accumulator[0][113]$_DFFE_PP_,pipeline_accumulator[0][109]$_DFFE_PP_ -> pipeline_accumulator[0][113]$_DFFE_PP_,yes,0.60457,1654.07,-0.09852,0.0058,0.000322,1.83e-07,0.00612,0.253,0.132,1.78e-06,0.385,0.0,0.0,0.0,0.0,0.259,0.132,1.96e-06,0.391,391.0,vectorless_post_synthesis,no,0,success,no,no,no,no,no
rs_chien,RS Chien/Horner pipeline,64,29,no,29,0,2,3,multi_operation,29,1,1000,1.0,asap7,slang,0,0,openroad/orfs@sha256:c1b25c7d0d74a5c3118843451a2803836ac776140bf29e87fb05a1f84d73aa02,21531,2606.26248,367.50348,2238.759,14.1,0.37711,0.0,pipeline_accumulator[0][98]$_DFFE_PP_,pipeline_accumulator[0][104]$_DFFE_PP_,pipeline_accumulator[0][98]$_DFFE_PP_ -> pipeline_accumulator[0][104]$_DFFE_PP_,yes,0.6228899999999999,1605.42,-0.09852,0.0058,0.000318,1.86e-07,0.00612,0.222,0.107,1.78e-06,0.329,0.0,0.0,0.0,0.0,0.228,0.107,1.96e-06,0.335,335.0,vectorless_post_synthesis,no,0,success,no,no,no,no,no
rs_chien,RS Chien/Horner pipeline,64,30,no,30,0,2,3,multi_operation,30,1,1000,1.0,asap7,slang,0,0,openroad/orfs@sha256:c1b25c7d0d74a5c3118843451a2803836ac776140bf29e87fb05a1f84d73aa02,21411,2593.65078,373.71456,2219.93622,14.41,0.3955,0.0,pipeline_accumulator[0][74]$_DFFE_PP_,pipeline_accumulator[0][85]$_DFFE_PP_,pipeline_accumulator[0][74]$_DFFE_PP_ -> pipeline_accumulator[0][85]$_DFFE_PP_,yes,0.6045,1654.25,-0.09852,0.00575,0.000327,1.88e-07,0.00608,0.201,0.0967,1.78e-06,0.298,0.0,0.0,0.0,0.0,0.207,0.097,1.96e-06,0.304,304.0,vectorless_post_synthesis,no,0,success,yes,yes,no,no,no
rs_chien,RS Chien/Horner pipeline,64,31,no,31,0,2,3,multi_operation,31,1,1000,1.0,asap7,slang,0,0,openroad/orfs@sha256:c1b25c7d0d74a5c3118843451a2803836ac776140bf29e87fb05a1f84d73aa02,21541,2598.89958,379.92564,2218.97394,14.62,0.3621,0.0,pipeline_accumulator[0][152]$_DFFE_PP_,pipeline_accumulator[1][3]$_DFFE_PP_,pipeline_accumulator[0][152]$_DFFE_PP_ -> pipeline_accumulator[1][3]$_DFFE_PP_,yes,0.6379,1567.65,-0.09852,0.00575,0.000354,1.91e-07,0.0061,0.175,0.0773,1.77e-06,0.252,0.0,0.0,0.0,0.0,0.18,0.0776,1.96e-06,0.258,258.0,vectorless_post_synthesis,no,0,success,no,yes,no,no,no
rs_chien,RS Chien/Horner pipeline,64,32,yes,32,0,2,2,multi_operation,32,1,1000,1.0,asap7,slang,0,0,openroad/orfs@sha256:c1b25c7d0d74a5c3118843451a2803836ac776140bf29e87fb05a1f84d73aa02,21530,2652.2478,386.13672,2266.11108,14.56,0.54104,0.0,pipeline_accumulator[0][299]$_DFFE_PP_,pipeline_accumulator[0][305]$_DFFE_PP_,pipeline_accumulator[0][299]$_DFFE_PP_ -> pipeline_accumulator[0][305]$_DFFE_PP_,yes,0.45896,2178.85,-0.09852,0.00569,0.000369,1.94e-07,0.00606,0.146,0.0749,1.83e-06,0.221,0.0,0.0,0.0,0.0,0.151,0.0753,2.02e-06,0.227,227.0,vectorless_post_synthesis,no,0,success,yes,yes,no,no,no
rs_chien,RS Chien/Horner pipeline,64,33,no,33,0,1,2,multi_operation,33,1,1000,1.0,asap7,slang,0,0,openroad/orfs@sha256:c1b25c7d0d74a5c3118843451a2803836ac776140bf29e87fb05a1f84d73aa02,21212,2626.01838,392.3478,2233.67058,14.94,0.53587,0.0,pipeline_accumulator[6][6]$_DFFE_PP_,pipeline_accumulator[7][3]$_DFFE_PP_,pipeline_accumulator[6][6]$_DFFE_PP_ -> pipeline_accumulator[7][3]$_DFFE_PP_,yes,0.46413,2154.57,-0.09852,0.00583,0.000332,1.97e-07,0.00616,0.15,0.0765,1.82e-06,0.227,0.0,0.0,0.0,0.0,0.156,0.0769,2.02e-06,0.233,233.0,vectorless_post_synthesis,no,0,success,yes,yes,no,no,no
rs_chien,RS Chien/Horner pipeline,64,34,no,34,0,1,2,multi_operation,34,1,1000,1.0,asap7,slang,0,0,openroad/orfs@sha256:c1b25c7d0d74a5c3118843451a2803836ac776140bf29e87fb05a1f84d73aa02,21543,2657.29248,398.55888,2258.7336,15.0,0.53619,0.0,pipeline_accumulator[4][8]$_DFFE_PP_,pipeline_accumulator[5][4]$_DFFE_PP_,pipeline_accumulator[4][8]$_DFFE_PP_ -> pipeline_accumulator[5][4]$_DFFE_PP_,yes,0.46381,2156.04,-0.09852,0.0057,0.000334,2e-07,0.00604,0.142,0.0719,1.84e-06,0.214,0.0,0.0,0.0,0.0,0.148,0.0723,2.04e-06,0.22,220.0,vectorless_post_synthesis,no,0,success,no,yes,no,no,no
rs_chien,RS Chien/Horner pipeline,64,35,no,35,0,1,2,multi_operation,35,1,1000,1.0,asap7,slang,0,0,openroad/orfs@sha256:c1b25c7d0d74a5c3118843451a2803836ac776140bf29e87fb05a1f84d73aa02,21711,2665.89468,404.76996,2261.12472,15.18,0.53235,0.0,pipeline_accumulator[7][22]$_DFFE_PP_,pipeline_accumulator[7][36]$_DFFE_PP_,pipeline_accumulator[7][22]$_DFFE_PP_ -> pipeline_accumulator[7][36]$_DFFE_PP_,yes,0.46764999999999995,2138.37,-0.09852,0.00561,0.000342,2.03e-07,0.00595,0.137,0.0696,1.83e-06,0.207,0.0,0.0,0.0,0.0,0.143,0.0699,2.04e-06,0.213,213.0,vectorless_post_synthesis,no,0,success,no,yes,no,no,no
rs_chien,RS Chien/Horner pipeline,64,36,no,36,0,1,2,multi_operation,36,1,1000,1.0,asap7,slang,0,0,openroad/orfs@sha256:c1b25c7d0d74a5c3118843451a2803836ac776140bf29e87fb05a1f84d73aa02,21753,2685.38814,410.98104,2274.4071,15.3,0.53741,0.0,pipeline_accumulator[2][19]$_DFFE_PP_,pipeline_accumulator[2][23]$_DFFE_PP_,pipeline_accumulator[2][19]$_DFFE_PP_ -> pipeline_accumulator[2][23]$_DFFE_PP_,yes,0.46259,2161.73,-0.09852,0.00564,0.000378,2.06e-07,0.00601,0.134,0.067,1.84e-06,0.201,0.0,0.0,0.0,0.0,0.14,0.0673,2.04e-06,0.207,207.0,vectorless_post_synthesis,no,0,success,no,yes,no,no,no
rs_chien,RS Chien/Horner pipeline,64,37,no,37,0,1,2,multi_operation,37,1,1000,1.0,asap7,slang,0,0,openroad/orfs@sha256:c1b25c7d0d74a5c3118843451a2803836ac776140bf29e87fb05a1f84d73aa02,21837,2699.02044,417.19212,2281.82832,15.46,0.53787,0.0,pipeline_accumulator[1][8]$_DFFE_PP_,pipeline_accumulator[1][13]$_DFFE_PP_,pipeline_accumulator[1][8]$_DFFE_PP_ -> pipeline_accumulator[1][13]$_DFFE_PP_,yes,0.46213,2163.88,-0.09972,0.0056,0.000386,2.09e-07,0.00599,0.13,0.0651,1.84e-06,0.195,0.0,0.0,0.0,0.0,0.136,0.0655,2.05e-06,0.201,201.0,vectorless_post_synthesis,no,0,success,no,yes,no,no,no
rs_chien,RS Chien/Horner pipeline,64,38,no,38,0,1,2,multi_operation,38,1,1000,1.0,asap7,slang,0,0,openroad/orfs@sha256:c1b25c7d0d74a5c3118843451a2803836ac776140bf29e87fb05a1f84d73aa02,21914,2713.9941,423.4032,2290.5909,15.6,0.53578,0.0,pipeline_accumulator[3][38]$_DFFE_PP_,pipeline_accumulator[3][45]$_DFFE_PP_,pipeline_accumulator[3][38]$_DFFE_PP_ -> pipeline_accumulator[3][45]$_DFFE_PP_,yes,0.46422,2154.17,-0.09852,0.00557,0.000405,2.12e-07,0.00598,0.123,0.0641,1.84e-06,0.188,0.0,0.0,0.0,0.0,0.129,0.0645,2.05e-06,0.193,193.0,vectorless_post_synthesis,no,0,success,no,no,no,no,no
rs_chien,RS Chien/Horner pipeline,64,39,no,39,0,1,2,multi_operation,39,1,1000,1.0,asap7,slang,0,0,openroad/orfs@sha256:c1b25c7d0d74a5c3118843451a2803836ac776140bf29e87fb05a1f84d73aa02,22110,2719.34496,429.61428,2289.73068,15.8,0.53643,0.0,pipeline_accumulator[4][51]$_DFFE_PP_,pipeline_accumulator[4][65]$_DFFE_PP_,pipeline_accumulator[4][51]$_DFFE_PP_ -> pipeline_accumulator[4][65]$_DFFE_PP_,yes,0.46357,2157.15,-0.09852,0.0055,0.000404,2.15e-07,0.00591,0.119,0.0608,1.83e-06,0.18,0.0,0.0,0.0,0.0,0.125,0.0612,2.05e-06,0.186,186.0,vectorless_post_synthesis,no,0,success,no,no,no,no,no
rs_chien,RS Chien/Horner pipeline,64,40,no,40,0,1,2,multi_operation,40,1,1000,1.0,asap7,slang,0,0,openroad/orfs@sha256:c1b25c7d0d74a5c3118843451a2803836ac776140bf29e87fb05a1f84d73aa02,21876,2703.7152,435.82536,2267.88984,16.12,0.53211,0.0,pipeline_accumulator[1][85]$_DFFE_PP_,pipeline_accumulator[1][95]$_DFFE_PP_,pipeline_accumulator[1][85]$_DFFE_PP_ -> pipeline_accumulator[1][95]$_DFFE_PP_,yes,0.46789,2137.27,-0.09852,0.00552,0.000393,2.18e-07,0.00591,0.118,0.059,1.83e-06,0.177,0.0,0.0,0.0,0.0,0.124,0.0594,2.05e-06,0.183,183.0,vectorless_post_synthesis,no,0,success,no,yes,no,no,no
rs_chien,RS Chien/Horner pipeline,64,41,no,41,0,1,2,multi_operation,41,1,1000,1.0,asap7,slang,0,0,openroad/orfs@sha256:c1b25c7d0d74a5c3118843451a2803836ac776140bf29e87fb05a1f84d73aa02,21895,2701.44072,442.03644,2259.40428,16.36,0.53687,0.0,pipeline_accumulator[0][57]$_DFFE_PP_,pipeline_accumulator[0][63]$_DFFE_PP_,pipeline_accumulator[0][57]$_DFFE_PP_ -> pipeline_accumulator[0][63]$_DFFE_PP_,yes,0.46313,2159.23,-0.09972,0.0056,0.000414,2.21e-07,0.00601,0.119,0.0589,1.84e-06,0.178,0.0,0.0,0.0,0.0,0.125,0.0594,2.06e-06,0.184,184.0,vectorless_post_synthesis,no,0,success,no,yes,no,no,no
rs_chien,RS Chien/Horner pipeline,64,42,no,42,0,1,2,multi_operation,42,1,1000,1.0,asap7,slang,0,0,openroad/orfs@sha256:c1b25c7d0d74a5c3118843451a2803836ac776140bf29e87fb05a1f84d73aa02,22031,2722.8879,448.24752,2274.64038,16.46,0.53903,0.0,pipeline_accumulator[0][98]$_DFFE_PP_,pipeline_accumulator[0][103]$_DFFE_PP_,pipeline_accumulator[0][98]$_DFFE_PP_ -> pipeline_accumulator[0][103]$_DFFE_PP_,yes,0.46097000000000005,2169.34,-0.09972,0.00552,0.000424,2.24e-07,0.00595,0.112,0.0568,1.84e-06,0.169,0.0,0.0,0.0,0.0,0.118,0.0572,2.06e-06,0.175,175.0,vectorless_post_synthesis,no,0,success,no,yes,no,no,no
rs_chien,RS Chien/Horner pipeline,64,43,no,43,0,1,2,multi_operation,43,1,1000,1.0,asap7,slang,0,0,openroad/orfs@sha256:c1b25c7d0d74a5c3118843451a2803836ac776140bf29e87fb05a1f84d73aa02,22210,2733.19596,454.4586,2278.73736,16.63,0.53373,0.0,pipeline_accumulator[0][45]$_DFFE_PP_,pipeline_accumulator[0][53]$_DFFE_PP_,pipeline_accumulator[0][45]$_DFFE_PP_ -> pipeline_accumulator[0][53]$_DFFE_PP_,yes,0.46626999999999996,2144.68,-0.09972,0.00548,0.000423,2.27e-07,0.0059,0.109,0.0541,1.84e-06,0.163,0.0,0.0,0.0,0.0,0.114,0.0545,2.06e-06,0.169,169.0,vectorless_post_synthesis,no,0,success,no,no,no,no,no
rs_chien,RS Chien/Horner pipeline,64,44,no,44,0,1,2,multi_operation,44,1,1000,1.0,asap7,slang,0,0,openroad/orfs@sha256:c1b25c7d0d74a5c3118843451a2803836ac776140bf29e87fb05a1f84d73aa02,22085,2731.72338,460.66968,2271.0537,16.86,0.54018,0.0,pipeline_accumulator[0][86]$_DFFE_PP_,pipeline_accumulator[0][95]$_DFFE_PP_,pipeline_accumulator[0][86]$_DFFE_PP_ -> pipeline_accumulator[0][95]$_DFFE_PP_,yes,0.45982,2174.77,-0.09972,0.00555,0.000455,2.3e-07,0.00601,0.109,0.0548,1.84e-06,0.163,0.0,0.0,0.0,0.0,0.114,0.0553,2.07e-06,0.169,169.0,vectorless_post_synthesis,no,0,success,no,yes,no,no,no
rs_chien,RS Chien/Horner pipeline,64,45,no,45,0,1,2,multi_operation,45,1,1000,1.0,asap7,slang,0,0,openroad/orfs@sha256:c1b25c7d0d74a5c3118843451a2803836ac776140bf29e87fb05a1f84d73aa02,22249,2740.17978,466.88076,2273.29902,17.04,0.53037,0.0,pipeline_accumulator[1][4]$_DFFE_PP_,pipeline_accumulator[1][13]$_DFFE_PP_,pipeline_accumulator[1][4]$_DFFE_PP_ -> pipeline_accumulator[1][13]$_DFFE_PP_,yes,0.46963,2129.35,-0.09852,0.0055,0.000453,2.33e-07,0.00595,0.105,0.0506,1.84e-06,0.156,0.0,0.0,0.0,0.0,0.111,0.0511,2.07e-06,0.162,162.0,vectorless_post_synthesis,no,0,success,no,yes,no,no,no
rs_chien,RS Chien/Horner pipeline,64,46,no,46,0,1,2,multi_operation,46,1,1000,1.0,asap7,slang,0,0,openroad/orfs@sha256:c1b25c7d0d74a5c3118843451a2803836ac776140bf29e87fb05a1f84d73aa02,22345,2755.67832,473.09184,2282.58648,17.17,0.53717,0.0,pipeline_accumulator[0][157]$_DFFE_PP_,pipeline_accumulator[1][3]$_DFFE_PP_,pipeline_accumulator[0][157]$_DFFE_PP_ -> pipeline_accumulator[1][3]$_DFFE_PP_,yes,0.46282999999999996,2160.63,-0.09972,0.00545,0.000441,2.36e-07,0.00589,0.1,0.0496,1.84e-06,0.15,0.0,0.0,0.0,0.0,0.105,0.05,2.07e-06,0.155,155.0,vectorless_post_synthesis,no,0,success,no,yes,no,no,no
rs_chien,RS Chien/Horner pipeline,64,47,no,47,0,1,2,multi_operation,47,1,1000,1.0,asap7,slang,0,0,openroad/orfs@sha256:c1b25c7d0d74a5c3118843451a2803836ac776140bf29e87fb05a1f84d73aa02,22404,2770.87068,479.30292,2291.56776,17.3,0.53945,0.0,pipeline_x[0][130]$_DFFE_PP_,pipeline_accumulator[0][144]$_DFFE_PP_,pipeline_x[0][130]$_DFFE_PP_ -> pipeline_accumulator[0][144]$_DFFE_PP_,yes,0.46055,2171.3,-0.09972,0.00543,0.000466,2.39e-07,0.00589,0.0945,0.0475,1.84e-06,0.142,0.0,0.0,0.0,0.0,0.0999,0.0479,2.08e-06,0.148,148.0,vectorless_post_synthesis,no,0,success,no,yes,no,no,no
rs_chien,RS Chien/Horner pipeline,64,48,no,48,0,1,2,multi_operation,48,1,1000,1.0,asap7,slang,0,0,openroad/orfs@sha256:c1b25c7d0d74a5c3118843451a2803836ac776140bf29e87fb05a1f84d73aa02,22767,2803.23828,485.514,2317.72428,17.32,0.53858,0.0,pipeline_accumulator[0][52]$_DFFE_PP_,pipeline_accumulator[0][64]$_DFFE_PP_,pipeline_accumulator[0][52]$_DFFE_PP_ -> pipeline_accumulator[0][64]$_DFFE_PP_,yes,0.46142,2167.24,-0.09972,0.00535,0.000466,2.42e-07,0.00581,0.0895,0.044,1.84e-06,0.133,0.0,0.0,0.0,0.0,0.0948,0.0444,2.09e-06,0.139,139.0,vectorless_post_synthesis,no,0,success,no,yes,no,no,no
rs_chien,RS Chien/Horner pipeline,64,49,no,49,0,1,2,multi_operation,49,1,1000,1.0,asap7,slang,0,0,openroad/orfs@sha256:c1b25c7d0d74a5c3118843451a2803836ac776140bf29e87fb05a1f84d73aa02,22810,2811.65094,491.72508,2319.92586,17.49,0.53721,0.0,pipeline_accumulator[0][294]$_DFFE_PP_,pipeline_accumulator[0][303]$_DFFE_PP_,pipeline_accumulator[0][294]$_DFFE_PP_ -> pipeline_accumulator[0][303]$_DFFE_PP_,yes,0.46279000000000003,2160.8,-0.09852,0.00536,0.000489,2.45e-07,0.00585,0.0867,0.0433,1.84e-06,0.13,0.0,0.0,0.0,0.0,0.0921,0.0438,2.09e-06,0.136,136.0,vectorless_post_synthesis,no,0,success,no,no,no,no,no
rs_chien,RS Chien/Horner pipeline,64,50,no,50,0,1,2,multi_operation,50,1,1000,1.0,asap7,slang,0,0,openroad/orfs@sha256:c1b25c7d0d74a5c3118843451a2803836ac776140bf29e87fb05a1f84d73aa02,22866,2808.7641,497.93616,2310.82794,17.73,0.53367,0.0,pipeline_accumulator[1][147]$_DFFE_PP_,pipeline_accumulator[1][154]$_DFFE_PP_,pipeline_accumulator[1][147]$_DFFE_PP_ -> pipeline_accumulator[1][154]$_DFFE_PP_,yes,0.46632999999999997,2144.43,-0.09852,0.00532,0.000487,2.48e-07,0.00581,0.0842,0.0401,1.83e-06,0.124,0.0,0.0,0.0,0.0,0.0895,0.0406,2.08e-06,0.13,130.0,vectorless_post_synthesis,no,0,success,no,yes,no,no,no
rs_chien,RS Chien/Horner pipeline,64,51,no,51,0,1,2,multi_operation,51,1,1000,1.0,asap7,slang,0,0,openroad/orfs@sha256:c1b25c7d0d74a5c3118843451a2803836ac776140bf29e87fb05a1f84d73aa02,22988,2831.26104,504.14724,2327.1138,17.81,0.53955,0.0,pipeline_accumulator[1][159]$_DFFE_PP_,pipeline_accumulator[1][164]$_DFFE_PP_,pipeline_accumulator[1][159]$_DFFE_PP_ -> pipeline_accumulator[1][164]$_DFFE_PP_,yes,0.46044999999999997,2171.78,-0.09852,0.0053,0.00051,2.51e-07,0.00581,0.0794,0.0392,1.84e-06,0.119,0.0,0.0,0.0,0.0,0.0847,0.0397,2.09e-06,0.124,124.0,vectorless_post_synthesis,no,0,success,no,yes,no,no,no
rs_chien,RS Chien/Horner pipeline,64,52,no,52,0,1,2,multi_operation,52,1,1000,1.0,asap7,slang,0,0,openroad/orfs@sha256:c1b25c7d0d74a5c3118843451a2803836ac776140bf29e87fb05a1f84d73aa02,23025,2837.60334,510.35832,2327.24502,17.99,0.53714,0.0,pipeline_accumulator[0][308]$_DFFE_PP_,pipeline_accumulator[0][313]$_DFFE_PP_,pipeline_accumulator[0][308]$_DFFE_PP_ -> pipeline_accumulator[0][313]$_DFFE_PP_,yes,0.46286,2160.48,-0.09852,0.00529,0.000515,2.54e-07,0.00581,0.077,0.0376,1.85e-06,0.115,0.0,0.0,0.0,0.0,0.0823,0.0381,2.1e-06,0.12,120.0,vectorless_post_synthesis,no,0,success,no,yes,no,no,no
rs_chien,RS Chien/Horner pipeline,64,53,no,53,0,1,2,multi_operation,53,1,1000,1.0,asap7,slang,0,0,openroad/orfs@sha256:c1b25c7d0d74a5c3118843451a2803836ac776140bf29e87fb05a1f84d73aa02,23062,2842.85214,516.5694,2326.28274,18.17,0.54012,0.0,pipeline_accumulator[1][67]$_DFFE_PP_,pipeline_accumulator[1][75]$_DFFE_PP_,pipeline_accumulator[1][67]$_DFFE_PP_ -> pipeline_accumulator[1][75]$_DFFE_PP_,yes,0.45988,2174.49,-0.09852,0.00529,0.000525,2.57e-07,0.00581,0.073,0.0362,1.84e-06,0.109,0.0,0.0,0.0,0.0,0.0783,0.0367,2.1e-06,0.115,115.0,vectorless_post_synthesis,no,0,success,no,yes,no,no,no
rs_chien,RS Chien/Horner pipeline,64,54,no,54,0,1,2,multi_operation,54,1,1000,1.0,asap7,slang,0,0,openroad/orfs@sha256:c1b25c7d0d74a5c3118843451a2803836ac776140bf29e87fb05a1f84d73aa02,23303,2859.82326,522.78048,2337.04278,18.28,0.53638,0.0,pipeline_accumulator[1][58]$_DFFE_PP_,pipeline_accumulator[1][64]$_DFFE_PP_,pipeline_accumulator[1][58]$_DFFE_PP_ -> pipeline_accumulator[1][64]$_DFFE_PP_,yes,0.46362000000000003,2156.93,-0.09852,0.0052,0.000526,2.6e-07,0.00573,0.0685,0.0323,1.85e-06,0.101,0.0,0.0,0.0,0.0,0.0737,0.0329,2.11e-06,0.107,107.0,vectorless_post_synthesis,no,0,success,no,no,no,no,no
rs_chien,RS Chien/Horner pipeline,64,55,no,55,0,1,2,multi_operation,55,1,1000,1.0,asap7,slang,0,0,openroad/orfs@sha256:c1b25c7d0d74a5c3118843451a2803836ac776140bf29e87fb05a1f84d73aa02,23126,2849.85054,528.99156,2320.85898,18.56,0.53887,0.0,pipeline_accumulator[1][49]$_DFFE_PP_,pipeline_accumulator[1][54]$_DFFE_PP_,pipeline_accumulator[1][49]$_DFFE_PP_ -> pipeline_accumulator[1][54]$_DFFE_PP_,yes,0.46113,2168.58,-0.09852,0.00529,0.000537,2.63e-07,0.00583,0.0681,0.033,1.84e-06,0.101,0.0,0.0,0.0,0.0,0.0733,0.0335,2.1e-06,0.107,107.0,vectorless_post_synthesis,no,0,success,no,yes,no,no,no
rs_chien,RS Chien/Horner pipeline,64,56,no,56,0,1,2,multi_operation,56,1,1000,1.0,asap7,slang,0,0,openroad/orfs@sha256:c1b25c7d0d74a5c3118843451a2803836ac776140bf29e87fb05a1f84d73aa02,23242,2867.27364,535.20264,2332.071,18.67,0.54598,0.0,pipeline_accumulator[0][279]$_DFFE_PP_,pipeline_accumulator[0][284]$_DFFE_PP_,pipeline_accumulator[0][279]$_DFFE_PP_ -> pipeline_accumulator[0][284]$_DFFE_PP_,yes,0.45402,2202.57,-0.09852,0.0052,0.000549,2.66e-07,0.00575,0.0614,0.0303,1.85e-06,0.0917,0.0,0.0,0.0,0.0,0.0666,0.0308,2.11e-06,0.0975,97.5,vectorless_post_synthesis,no,0,success,yes,yes,no,no,no
rs_chien,RS Chien/Horner pipeline,64,57,no,57,0,1,2,multi_operation,57,1,1000,1.0,asap7,slang,0,0,openroad/orfs@sha256:c1b25c7d0d74a5c3118843451a2803836ac776140bf29e87fb05a1f84d73aa02,23309,2871.93924,541.41372,2330.52552,18.85,0.53908,0.0,pipeline_accumulator[1][246]$_DFFE_PP_,pipeline_accumulator[1][253]$_DFFE_PP_,pipeline_accumulator[1][246]$_DFFE_PP_ -> pipeline_accumulator[1][253]$_DFFE_PP_,yes,0.46092,2169.57,-0.09852,0.00517,0.000556,2.69e-07,0.00573,0.0588,0.0273,1.84e-06,0.0862,0.0,0.0,0.0,0.0,0.064,0.0279,2.11e-06,0.0919,91.9,vectorless_post_synthesis,no,0,success,no,yes,no,no,no
rs_chien,RS Chien/Horner pipeline,64,58,no,58,0,1,2,multi_operation,58,1,1000,1.0,asap7,slang,0,0,openroad/orfs@sha256:c1b25c7d0d74a5c3118843451a2803836ac776140bf29e87fb05a1f84d73aa02,23328,2879.02512,547.6248,2331.40032,19.02,0.54989,0.0,pipeline_accumulator[1][62]$_DFFE_PP_,pipeline_accumulator[1][75]$_DFFE_PP_,pipeline_accumulator[1][62]$_DFFE_PP_ -> pipeline_accumulator[1][75]$_DFFE_PP_,yes,0.45011,2221.67,-0.09852,0.00517,0.000559,2.72e-07,0.00573,0.0548,0.0262,1.85e-06,0.081,0.0,0.0,0.0,0.0,0.06,0.0268,2.12e-06,0.0868,86.8,vectorless_post_synthesis,no,0,success,yes,yes,no,no,no
rs_chien,RS Chien/Horner pipeline,64,59,no,59,0,1,2,multi_operation,59,1,1000,1.0,asap7,slang,0,0,openroad/orfs@sha256:c1b25c7d0d74a5c3118843451a2803836ac776140bf29e87fb05a1f84d73aa02,23517,2892.97818,553.83588,2339.1423,19.14,0.53133,0.0,pipeline_accumulator[1][37]$_DFFE_PP_,pipeline_accumulator[1][43]$_DFFE_PP_,pipeline_accumulator[1][37]$_DFFE_PP_ -> pipeline_accumulator[1][43]$_DFFE_PP_,yes,0.46867000000000003,2133.68,-0.09852,0.00511,0.000574,2.75e-07,0.00569,0.0506,0.0229,1.84e-06,0.0735,0.0,0.0,0.0,0.0,0.0557,0.0235,2.11e-06,0.0792,79.2,vectorless_post_synthesis,no,0,success,no,yes,no,no,no
rs_chien,RS Chien/Horner pipeline,64,60,no,60,0,1,2,multi_operation,60,1,1000,1.0,asap7,slang,0,0,openroad/orfs@sha256:c1b25c7d0d74a5c3118843451a2803836ac776140bf29e87fb05a1f84d73aa02,23696,2920.69476,560.04696,2360.6478,19.18,0.53528,0.0,pipeline_accumulator[1][128]$_DFFE_PP_,pipeline_accumulator[1][133]$_DFFE_PP_,pipeline_accumulator[1][128]$_DFFE_PP_ -> pipeline_accumulator[1][133]$_DFFE_PP_,yes,0.46472,2151.84,-0.09852,0.00501,0.000578,2.78e-07,0.00558,0.0435,0.0204,1.85e-06,0.0639,0.0,0.0,0.0,0.0,0.0485,0.021,2.12e-06,0.0695,69.5,vectorless_post_synthesis,no,0,success,no,yes,no,no,no
rs_chien,RS Chien/Horner pipeline,64,61,no,61,0,1,2,multi_operation,61,1,1000,1.0,asap7,slang,0,0,openroad/orfs@sha256:c1b25c7d0d74a5c3118843451a2803836ac776140bf29e87fb05a1f84d73aa02,23739,2921.20506,566.25804,2354.94702,19.38,0.5493,0.0,pipeline_accumulator[1][89]$_DFFE_PP_,pipeline_accumulator[1][95]$_DFFE_PP_,pipeline_accumulator[1][89]$_DFFE_PP_ -> pipeline_accumulator[1][95]$_DFFE_PP_,yes,0.4507,2218.77,-0.09852,0.00504,0.000585,2.81e-07,0.00562,0.0413,0.0193,1.85e-06,0.0605,0.0,0.0,0.0,0.0,0.0463,0.0198,2.13e-06,0.0662,66.2,vectorless_post_synthesis,no,0,success,no,yes,no,no,no
rs_chien,RS Chien/Horner pipeline,64,62,no,62,0,1,2,multi_operation,62,1,1000,1.0,asap7,slang,0,0,openroad/orfs@sha256:c1b25c7d0d74a5c3118843451a2803836ac776140bf29e87fb05a1f84d73aa02,23788,2928.65544,572.46912,2356.18632,19.55,0.54825,0.0,pipeline_accumulator[1][299]$_DFFE_PP_,pipeline_accumulator[1][303]$_DFFE_PP_,pipeline_accumulator[1][299]$_DFFE_PP_ -> pipeline_accumulator[1][303]$_DFFE_PP_,yes,0.45175,2213.61,-0.09852,0.00499,0.000601,2.84e-07,0.00559,0.0374,0.0169,1.84e-06,0.0543,0.0,0.0,0.0,0.0,0.0424,0.0175,2.12e-06,0.0599,59.9,vectorless_post_synthesis,no,0,success,no,yes,no,no,no
rs_chien,RS Chien/Horner pipeline,64,63,no,63,0,1,2,multi_operation,63,1,1000,1.0,asap7,slang,0,0,openroad/orfs@sha256:c1b25c7d0d74a5c3118843451a2803836ac776140bf29e87fb05a1f84d73aa02,24022,2949.85476,578.6802,2371.17456,19.62,0.53233,0.0,pipeline_accumulator[1][309]$_DFFE_PP_,pipeline_accumulator[1][314]$_DFFE_PP_,pipeline_accumulator[1][309]$_DFFE_PP_ -> pipeline_accumulator[1][314]$_DFFE_PP_,yes,0.46767000000000003,2138.28,-0.09852,0.00496,0.000586,2.87e-07,0.00555,0.0339,0.0151,1.85e-06,0.0489,0.0,0.0,0.0,0.0,0.0388,0.0156,2.13e-06,0.0545,54.5,vectorless_post_synthesis,no,0,success,no,yes,no,no,no
rs_chien,RS Chien/Horner pipeline,64,64,yes,64,0,1,1,one_operation,64,1,1000,1.0,asap7,slang,0,0,openroad/orfs@sha256:c1b25c7d0d74a5c3118843451a2803836ac776140bf29e87fb05a1f84d73aa02,24778,3040.06122,584.89128,2455.16994,19.24,0.67064,0.0,pipeline_accumulator[0][606]$_DFFE_PP_,pipeline_accumulator[0][613]$_DFFE_PP_,pipeline_accumulator[0][606]$_DFFE_PP_ -> pipeline_accumulator[0][613]$_DFFE_PP_,yes,0.32936,3036.19,-0.09852,0.00492,0.000586,2.89e-07,0.00551,0.0284,0.014,1.89e-06,0.0425,0.0,0.0,0.0,0.0,0.0333,0.0146,2.18e-06,0.048,48.0,vectorless_post_synthesis,no,0,success,yes,yes,no,yes,yes
